group_id,match_type,count,representative_text,morphological_text,similarity_score,ids,original_texts
exact_82,exact,20,"・好きな作家さんが生成 AI に模倣されて筆を折られたらすごく悲しくなるから嫌
・生成 AI は規制、もしくは免許制にして欲しい
・手描きと AI 絵の判別がつかずトラブルにならないか不安",好き 作家 さん 生成 AI 模倣 する れる 筆 折る れる なる 嫌 生成 AI 規制 免許 制 する 手描き AI 絵 判別 つく トラブル なる 不安,1.0,185001345000002083|185001345000002133|185001345000002134|185001345000002305|185001345000002315|185001345000002402|185001345000002548|185001345000002623|185001345000002713|185001345000002876|185001345000003188|185001345000003227|185001345000003331|185001345000003334|185001345000003350|185001345000003397|185001345000003433|185001345000003706|185001345000005186|185001345000004763,"・好きな作家さんが生成 AI に模倣されて筆を折られたらすごく悲しくなるから嫌
・生成 AI は規制、もしくは免許制にして欲しい
・手描きと AI 絵の判別がつかずトラブルにならないか不安|・好きな作家さんが生成 AI に模倣されて筆を折られたらすごく悲しくなるから嫌
・生成 AI は規制、もしくは免許制にして欲しい
・手描きと AI 絵の判別がつかずトラブルにならないか不安|・好きな作家さんが生成 AI に模倣されて筆を折られたらすごく悲しくなるから嫌
・生成 AI は規制、もしくは免許制にして欲しい
・手描きと AI 絵の判別がつかずトラブルにならないか不安|・好きな作家さんが生成 AI に模倣されて筆を折られたらすごく悲しくなるから嫌
・生成 AI は規制、もしくは免許制にして欲しい
・手描きと AI 絵の判別がつかずトラブルにならないか不安|・好きな作家さんが生成 AI に模倣されて筆を折られたらすごく悲しくなるから嫌
・生成 AI は規制、もしくは免許制にして欲しい
・手描きと AI 絵の判別がつかずトラブルにならないか不安|・好きな作家さんが生成 AI に模倣されて筆を折られたらすごく悲しくなるから嫌
・生成 AI は規制、もしくは免許制にして欲しい
・手描きと AI 絵の判別がつかずトラブルにならないか不安|好きな作家さんが生成 AI に模倣されて筆を折られたらすごく悲しくなるから嫌です
生成 AI は規制、もしくは免許制にして欲しいです
手描きと AI 絵の判別がつかずトラブルにならないか不安です|好きな作家さんが生成 AI に模倣されて筆を折られたらすごく悲しくなるから嫌
生成 AI は規制、もしくは免許制にして欲しい
手描きと AI 絵の判別がつかずトラブルにならないか不安|・好きな作家さんが生成 AI に模倣されて筆を折られたらすごく悲しくなるから嫌
・生成 AI は規制、もしくは免許制にして欲しい
・手描きと AI 絵の判別がつかずトラブルにならないか不安|好きな作家さんが生成 AI に模倣されて筆を折られたらすごく悲しくなるから嫌
生成 AI は規制、もしくは免許制にして欲しい
手描きと AI 絵の判別がつかずトラブルにならないか不安|・好きな作家さんが生成 AI に模倣されて筆を折られたらすごく悲しくなるから嫌
・生成 AI は規制、もしくは免許制にして欲しい
・手描きと AI 絵の判別がつかずトラブルにならないか不安|・好きな作家さんが生成 AI に模倣されて筆を折られたらすごく悲しくなるから嫌
・生成 AI は規制、もしくは免許制にして欲しい
・手描きと AI 絵の判別がつかずトラブルにならないか不安|・好きな作家さんが生成 AI に模倣されて筆を折られたらすごく悲しくなるから嫌
・生成 AI は規制、もしくは免許制にして欲しい
・手描きと AI 絵の判別がつかずトラブルにならないか不安|・好きな作家さんが生成 AI に模倣されて筆を折られたらすごく悲しくなるから嫌
・生成 AI は規制、もしくは免許制にして欲しい
・手描きと AI 絵の判別がつかずトラブルにならないか不安|好きな作家さんが生成 AI に模倣されて筆を折られたらすごく悲しくなるから嫌です。
生成 AI は規制、もしくは免許制にして欲しいです。
手描きと AI 絵の判別がつかずトラブルにならないか不安です。|・好きな作家さんが生成 AI に模倣されて筆を折られたらすごく悲しくなるから嫌です
・生成 AI は規制、もしくは免許制にして欲しいです
・手描きと AI 絵の判別がつかずトラブルにならないか不安です|・好きな作家さんが生成 AI に模倣されて筆を折られたらすごく悲しくなるから嫌
・生成 AI は規制、もしくは免許制にして欲しい
・手描きと AI 絵の判別がつかずトラブルにならないか不安|好きな作家さんが生成 AI に模倣されて筆を折られたらすごく悲しくなるから嫌
・生成 AI は規制、もしくは免許制にして欲しい
・手描きと AI 絵の判別がつかずトラブルにならないか不安|・好きな作家さんが生成 AI に模倣されて筆を折られたらすごく悲しくなるから嫌
・生成 AI は規制、もしくは免許制にして欲しい
・手描きと AI 絵の判別がつかずトラブルにならないか不安|・好きな作家さんが生成 AI に模倣されて筆を折られたらすごく悲しくなるから嫌
・生成 AI は規制、もしくは免許制にして欲しい
・手描きと AI 絵の判別がつかずトラブルにならないか不安"
exact_142,exact,5,好きな作家さんが生成 AI に模倣されて筆を折られたらすごく悲しくなるから嫌,好き 作家 さん 生成 AI 模倣 する れる 筆 折る れる なる 嫌,1.0,185001345000002145|185001345000002682|185001345000002687|185001345000003371|185001345000003501,好きな作家さんが生成 AI に模倣されて筆を折られたらすごく悲しくなるから嫌|好きな作家さんが生成 AI に模倣されて筆を折られたらすごく悲しくなるから嫌|好きな作家さんが生成 AI に模倣されて筆を折られたらすごく悲しくなるから嫌|好きな作家さんが生成 AI に模倣されて筆を折られたらすごく悲しくなるから嫌です|好きな作家さんが生成 AI に模倣され、筆を折られたら悲しくなるから嫌です
exact_164,exact,5,生成 AI は規制、もしくは免許制にして欲しい,生成 AI 規制 免許 制 する,1.0,185001345000002167|185001345000002287|185001345000002737|185001345000002805|185001345000003803,生成 AI は規制、もしくは免許制にして欲しい|生成 AI は規制、もしくは免許制にして欲しい|生成 AI は規制、もしくは免許制にして欲しい|生成 AI は規制もしくは免許制にしてほしい。|生成 AI は規制、もしくは免許制にして欲しい
exact_388,exact,3,手描きと AI 絵の判別がつかずトラブルにならないか不安,手描き AI 絵 判別 つく トラブル なる 不安,1.0,185001345000002394|185001345000002463|185001345000003215,手描きと AI 絵の判別がつかずトラブルにならないか不安|手描きと AI 絵の判別がつかず、トラブルにならないか不安です。|手描きと AI 絵の判別がつかずトラブルにならないか不安
exact_2726,exact,2,"まず始めに、私は現状の生成 AI の推進に断固反対する。
下記に理由について記載するが、関連すると思われる意見については該当文章末尾の【】に
「AI と著作権に関する考え方について（素案）」から引用をする。
表現の自由というのは自分の主義主張や思想や事実、あるいは精神性を周囲に伝える権利。
その権利をイラストを描き表現をするのがイラストレーターである。
（間違っても AI 生成
者のことではない。
）
にも関わらず、現在は生成 AI によって誰でも簡単に「思っても考えてもいない表現を大量
に作って放流する（自己の表現ではない）」ということが可能になってしまった
【
（１）生成 AI について ウ 生成 AI が生成物を生成する機序の概略（10p）
】
☆イラスト表現の例
・キャラクターの手の仕草が好きだから精巧に描こう。
・大胆な構図に加え、キャラクターの視線や表情で自分の心情を表現しよう。等
上記はあくまでも一例だが、こういった「イラストレーターがこれまでの人生を通じて得た
技術と、それを使い表現している芸術」を、
生成 AI は簡単に模倣し、大量に出力し、
ひいては過学習されたイラストレーター等は「特定のイラストレーターの唯一無二の表現」
すらも生成 AI により飽和状態にされてしまった。
（イラストレーターの「
（
）
」
等。
）
【
（例）いわゆる「過学習」
（overfitting）を意図的に行う場合について（17p）
】
もはやネット上に存在するイラストで表現されているものは「著作者が伝えたいこと」なの
かそれとも「機械が偶然どこかから持ってきただけのもの」なのかが一目で分からず、
イラストレーターが本来伝えたいことが生成 AI により阻まれている状況である。
「表現」というのは受け手に意図が伝わってこそのもの。
「誰でも表現できる、ただし誰にもその意図が伝わらない」というのでは表現の自由が存在
する意味がないと考える。
機械が勝手にやってくれて便利、などと軽率な考えを表現の世界に持ち込んでしまうと、ク
リエイターの人格、ひいては人生ですら「機械でもいい」「機械との違いが分からない」と
扱われてしまうことを意味する。
イラスト以外であれば「事実の伝達」を阻害するディープフェイクは更に直接的な被害をも
たらしている。
存在しないポルノを作るという悪用もそうだが、AI が登場してから既に戦争や犯罪の現状
を告発するような画像の信頼性に疑問符が付き始めている。
また、実際に性虐待にあった児童のデータが出力された事例が散見されることから、データ
セットに児童ポルノが入っているのではないかという懸念、また当人の人権侵害にまで及
んでいると考える。
◆そのほか「AI と著作権に関する考え方について（素案）」の引用と意見
【＜AI 利用者の懸念＞努力せずに作品を作って世に出しているのではないかという同業
からの冷評】
＞「イラストレーターがこれまでの人生を通じて得た技術と、それを使い表現している芸術」
を、
簡単に模倣し大量に出力しているだけにも関わらず、権利を主張することに疑問を憶える。
店から盗んだものを金に変えておきながら「頑張って働いているのに」という主張と同じよ
うなものと私は考える。
また、AI 生成をする者をクリエイターとして決して認識しないため、同業という言葉が我々
イラストレーターを指すのであれば撤回して頂きたい。
【
（１）生成 AI について ウ 生成 AI が生成物を生成する機序の概略
生成 AI では、入力された指示を情報解析し得られた結果と、その生成 AI が学習したパタ
ーンやルール、傾向等に基づき、生成物を生成することとなる。この際の生成については、
通常、学習データの切り貼りではないとされる。
】
＞生成 AI を使用することで「思っても考えてもいない表現を大量に作って放流する（自己
の表現ではない）
」ということが可能であり、
元のデータを学習しなければ画像を生成できない機械であるにも関わらず、
文化庁に「データの切り貼りではない」という考えがあることに強い危機感を憶える。どう
か今一度、ご一考願う。
以上。
私は現状の生成 AI に対して、断固として厳しい姿勢を続ける。
法での規制を強く願います。",始め 私 現状 生成 AI 推進 反対 する 下記 理由 記載 する 関連 する 思う れる 意見 該当 文章 末尾 AI 著作 権 考え方 素案 引用 する 表現 自由 の 自分 主義 主張 思想 事実 精神 性 周囲 伝える 権利 権利 イラスト 描く 表現 する の イラストレーター 間違う AI 生成 者 こと 関わる 現在 生成 AI 誰 簡単 思う 考える いる 表現 大量 作る 放流 する 自己 表現 こと 可能 なる しまう １ 生成 AI ウ 生成 AI 生成 物 生成 する 機 序 概略 10 p イラスト 表現 例 キャラクター 手 仕草 好き 精巧 描く 大胆 構図 加える キャラクター 視線 表情 自分 心情 表現 する 等 上記 一 例 いう イラストレーター これ 人生 通じる 得る 技術 それ 使う 表現 する いる 芸術 生成 AI 簡単 模倣 する 大量 出力 する 学習 する れる イラストレーター 等 特定 イラストレーター 唯一 無二 表現 生成 AI 飽和 状態 する れる しまう イラストレーター 等 例 学習 overfitting 意図 的 行う 場合 17 p ネット 上 存在 する イラスト 表現 する れる いる もの 著作 者 伝える こと 機械 偶然 どこ 持つ くる もの の 一目 分かる イラストレーター 本来 伝える こと 生成 AI 阻む れる いる 状況 表現 の 受け手 意図 伝わる もの 誰 表現 できる 誰 意図 伝わる の 表現 自由 存在 する 意味 考える 機械 勝手 やる くれる 便利 軽率 考え 表現 世界 持ち込む しまう ク リエイター 人格 人生 機械 機械 違い 分かる 扱う れる しまう こと 意味 する イラスト 以外 事実 伝達 阻害 する ディープフェイク 直接的 被害 たらす いる 存在 する ポルノ 作る 悪用 AI 登場 する 戦争 犯罪 現状 告発 する よう 画像 信頼 性 疑問符 付く 始める いる 性 虐待 ある 児童 データ 出力 する れる 事例 散見 する れる こと データ セット 児童 ポルノ 入る いる の 懸念 当人 人権 侵害 及 いる 考える ほか AI 著作 権 考え方 素案 引用 意見 AI 利用 者 懸念 努力 する 作品 作る 出す いる の 同業 冷評 イラストレーター これ 人生 通じる 得る 技術 それ 使う 表現 する いる 芸術 簡単 模倣 する 大量 出力 する いる 関わる 権利 主張 する こと 疑問 憶える 店 盗む もの 金 変える おく 頑張る 働く いる 主張 もの 私 考える AI 生成 する 者 クリエイター 認識 する ため 同業 言葉 我々 イラストレーター 指す の 撤回 する 頂く １ 生成 AI ウ 生成 AI 生成 物 生成 する 機 序 概略 生成 AI 入力 する れる 指示 情報 解析 する 得る られる 結果 生成 AI 学習 する パタ ーン ルール 傾向 等 基づく 生成 物 生成 する こと なる 際 生成 通常 学習 データ 切り貼り する れる 生成 AI 使用 する こと 思う 考える いる 表現 大量 作る 放流 する 自己 表現 こと 可能 元 データ 学習 する 画像 生成 できる 機械 関わる 文化庁 データ 切り貼り 考え ある こと 危機 感 憶える 今 一 度 一考 願う 以上 私 現状 生成 AI 断固 姿勢 続ける 法 規制 願う,1.0,185001345000005759|185001345000005866,"まず始めに、私は現状の生成 AI の推進に断固反対する。
下記に理由について記載するが、関連すると思われる意見については該当文章末尾の【】に
「AI と著作権に関する考え方について（素案）」から引用をする。
表現の自由というのは自分の主義主張や思想や事実、あるいは精神性を周囲に伝える権利。
その権利をイラストを描き表現をするのがイラストレーターである。
（間違っても AI 生成
者のことではない。
）
にも関わらず、現在は生成 AI によって誰でも簡単に「思っても考えてもいない表現を大量
に作って放流する（自己の表現ではない）」ということが可能になってしまった
【
（１）生成 AI について ウ 生成 AI が生成物を生成する機序の概略（10p）
】
☆イラスト表現の例
・キャラクターの手の仕草が好きだから精巧に描こう。
・大胆な構図に加え、キャラクターの視線や表情で自分の心情を表現しよう。等
上記はあくまでも一例だが、こういった「イラストレーターがこれまでの人生を通じて得た
技術と、それを使い表現している芸術」を、
生成 AI は簡単に模倣し、大量に出力し、
ひいては過学習されたイラストレーター等は「特定のイラストレーターの唯一無二の表現」
すらも生成 AI により飽和状態にされてしまった。
（イラストレーターの「
（
）
」
等。
）
【
（例）いわゆる「過学習」
（overfitting）を意図的に行う場合について（17p）
】
もはやネット上に存在するイラストで表現されているものは「著作者が伝えたいこと」なの
かそれとも「機械が偶然どこかから持ってきただけのもの」なのかが一目で分からず、
イラストレーターが本来伝えたいことが生成 AI により阻まれている状況である。
「表現」というのは受け手に意図が伝わってこそのもの。
「誰でも表現できる、ただし誰にもその意図が伝わらない」というのでは表現の自由が存在
する意味がないと考える。
機械が勝手にやってくれて便利、などと軽率な考えを表現の世界に持ち込んでしまうと、ク
リエイターの人格、ひいては人生ですら「機械でもいい」「機械との違いが分からない」と
扱われてしまうことを意味する。
イラスト以外であれば「事実の伝達」を阻害するディープフェイクは更に直接的な被害をも
たらしている。
存在しないポルノを作るという悪用もそうだが、AI が登場してから既に戦争や犯罪の現状
を告発するような画像の信頼性に疑問符が付き始めている。
また、実際に性虐待にあった児童のデータが出力された事例が散見されることから、データ
セットに児童ポルノが入っているのではないかという懸念、また当人の人権侵害にまで及
んでいると考える。
◆そのほか「AI と著作権に関する考え方について（素案）」の引用と意見
【＜AI 利用者の懸念＞努力せずに作品を作って世に出しているのではないかという同業
からの冷評】
＞「イラストレーターがこれまでの人生を通じて得た技術と、それを使い表現している芸術」
を、
簡単に模倣し大量に出力しているだけにも関わらず、権利を主張することに疑問を憶える。
店から盗んだものを金に変えておきながら「頑張って働いているのに」という主張と同じよ
うなものと私は考える。
また、AI 生成をする者をクリエイターとして決して認識しないため、同業という言葉が我々
イラストレーターを指すのであれば撤回して頂きたい。
【
（１）生成 AI について ウ 生成 AI が生成物を生成する機序の概略
生成 AI では、入力された指示を情報解析し得られた結果と、その生成 AI が学習したパタ
ーンやルール、傾向等に基づき、生成物を生成することとなる。この際の生成については、
通常、学習データの切り貼りではないとされる。
】
＞生成 AI を使用することで「思っても考えてもいない表現を大量に作って放流する（自己
の表現ではない）
」ということが可能であり、
元のデータを学習しなければ画像を生成できない機械であるにも関わらず、
文化庁に「データの切り貼りではない」という考えがあることに強い危機感を憶える。どう
か今一度、ご一考願う。
以上。
私は現状の生成 AI に対して、断固として厳しい姿勢を続ける。
法での規制を強く願います。|まず始めに、私は現状の生成 AI の推進に断固反対する。
下記に理由について記載するが、関連すると思われる意見については該当文章末尾の【】に
「AI と著作権に関する考え方について（素案）」から引用をする。
表現の自由というのは自分の主義主張や思想や事実、あるいは精神性を周囲に伝える権利。
その権利をイラストを描き表現をするのがイラストレーターである。
（間違っても AI 生成
者のことではない。
）
にも関わらず、現在は生成 AI によって誰でも簡単に「思っても考えてもいない表現を大量
に作って放流する（自己の表現ではない）」ということが可能になってしまった
【
（１）生成 AI について ウ 生成 AI が生成物を生成する機序の概略（10p）
】
☆イラスト表現の例
・キャラクターの手の仕草が好きだから精巧に描こう。
・大胆な構図に加え、キャラクターの視線や表情で自分の心情を表現しよう。等
上記はあくまでも一例だが、こういった「イラストレーターがこれまでの人生を通じて得た
技術と、それを使い表現している芸術」を、
生成 AI は簡単に模倣し、大量に出力し、
ひいては過学習されたイラストレーター等は「特定のイラストレーターの唯一無二の表現」
すらも生成 AI により飽和状態にされてしまった。
（イラストレーターの「
（
）
」
等。
）
【
（例）いわゆる「過学習」
（overfitting）を意図的に行う場合について（17p）
】
もはやネット上に存在するイラストで表現されているものは「著作者が伝えたいこと」なの
かそれとも「機械が偶然どこかから持ってきただけのもの」なのかが一目で分からず、
イラストレーターが本来伝えたいことが生成 AI により阻まれている状況である。
「表現」というのは受け手に意図が伝わってこそのもの。
「誰でも表現できる、ただし誰にもその意図が伝わらない」というのでは表現の自由が存在
する意味がないと考える。
機械が勝手にやってくれて便利、などと軽率な考えを表現の世界に持ち込んでしまうと、ク
リエイターの人格、ひいては人生ですら「機械でもいい」「機械との違いが分からない」と
扱われてしまうことを意味する。
イラスト以外であれば「事実の伝達」を阻害するディープフェイクは更に直接的な被害をも
たらしている。
存在しないポルノを作るという悪用もそうだが、AI が登場してから既に戦争や犯罪の現状
を告発するような画像の信頼性に疑問符が付き始めている。
また、実際に性虐待にあった児童のデータが出力された事例が散見されることから、データ
セットに児童ポルノが入っているのではないかという懸念、また当人の人権侵害にまで及
んでいると考える。
◆そのほか「AI と著作権に関する考え方について（素案）」の引用と意見
【＜AI 利用者の懸念＞努力せずに作品を作って世に出しているのではないかという同業
からの冷評】
＞「イラストレーターがこれまでの人生を通じて得た技術と、それを使い表現している芸術」
を、
簡単に模倣し大量に出力しているだけにも関わらず、権利を主張することに疑問を憶える。
店から盗んだものを金に変えておきながら「頑張って働いているのに」という主張と同じよ
うなものと私は考える。
また、AI 生成をする者をクリエイターとして決して認識しないため、同業という言葉が我々
イラストレーターを指すのであれば撤回して頂きたい。
【
（１）生成 AI について ウ 生成 AI が生成物を生成する機序の概略
生成 AI では、入力された指示を情報解析し得られた結果と、その生成 AI が学習したパタ
ーンやルール、傾向等に基づき、生成物を生成することとなる。この際の生成については、
通常、学習データの切り貼りではないとされる。
】
＞生成 AI を使用することで「思っても考えてもいない表現を大量に作って放流する（自己
の表現ではない）
」ということが可能であり、
元のデータを学習しなければ画像を生成できない機械であるにも関わらず、
文化庁に「データの切り貼りではない」という考えがあることに強い危機感を憶える。どう
か今一度、ご一考願う。
以上。
私は現状の生成 AI に対して、断固として厳しい姿勢を続ける。
法での規制を強く願います。"
exact_2848,exact,2,"イラスト生成 AI に関しては諸外国同様、著作権侵害に厳しくお願いしたい。
なぜならば絵師の技術は何年何十年と鍛錬を続けた賜物であるため、守られるべき権利が
ある。絵師の許可なくその技術を生成 AI に学習させて作品として排出することは権利の侵
害である。
現時点で絵師たちが生成 AI でイラストを輩出する者（甲とする）に許可なく AI 学習のタ
ーゲットにされ、かつ甲が絵師になりすまし、甲が絵師に対し誹謗中傷・脅迫を繰り返した
ため、絵師たちが筆を折ってしまう事例も発生している。応援している絵師が筆を折ること
をファンは望んでいない。私たちファンは作品だけでなく、絵師の人間性に対しても応援し
ている。絵師らの権利をないがしろにしてはならない。",イラスト 生成 AI 外国 同様 著作 権 侵害 お願い する 絵師 技術 何 年 何 十 年 鍛錬 続ける 賜物 ため 守る れる 権利 ある 絵師 技術 生成 AI 学習 する せる 作品 排出 する こと 権利 侵 害 現時点 絵師 たち 生成 AI イラスト 輩出 する 者 甲 する AI 学習 タ ーゲット する れる 甲 絵師 なりすます 甲 絵師 誹謗 中傷 脅迫 繰り返す ためる 絵師 たち 筆 折る しまう 事例 発生 する いる 応援 する いる 絵師 筆 折る こと ファン 望む いる 私 たち ファン 作品 絵師 人間 性 応援 する いる 絵師 ら 権利 ないがしろ する なる,1.0,185001345000005882|185001345000005884,"イラスト生成 AI に関しては諸外国同様、著作権侵害に厳しくお願いしたい。
なぜならば絵師の技術は何年何十年と鍛錬を続けた賜物であるため、守られるべき権利が
ある。絵師の許可なくその技術を生成 AI に学習させて作品として排出することは権利の侵
害である。
現時点で絵師たちが生成 AI でイラストを輩出する者（甲とする）に許可なく AI 学習のタ
ーゲットにされ、かつ甲が絵師になりすまし、甲が絵師に対し誹謗中傷・脅迫を繰り返した
ため、絵師たちが筆を折ってしまう事例も発生している。応援している絵師が筆を折ること
をファンは望んでいない。私たちファンは作品だけでなく、絵師の人間性に対しても応援し
ている。絵師らの権利をないがしろにしてはならない。|イラスト生成 AI に関しては諸外国同様、著作権侵害に厳しくお願いしたい。
なぜならば絵師の技術は何年何十年と鍛錬を続けた賜物であるため、守られるべき権利が
ある。絵師の許可なくその技術を生成 AI に学習させて作品として排出することは権利の侵
害である。
現時点で絵師たちが生成 AI でイラストを輩出する者（甲とする）に許可なく AI 学習のタ
ーゲットにされ、かつ甲が絵師になりすまし、甲が絵師に対し誹謗中傷・脅迫を繰り返した
ため、絵師たちが筆を折ってしまう事例も発生している。応援している絵師が筆を折ること
をファンは望んでいない。私たちファンは作品だけでなく、絵師の人間性に対しても応援し
ている。絵師らの権利をないがしろにしてはならない。"
exact_3387,exact,2,クリエイターの権利を守るため、どうか今一度 AI 規制へのご考慮をお願いします。,クリエイター 権利 守る ため 今 一 度 AI 規制 考慮 お願い する,1.0,185001345000006422|185001345000006437,クリエイターの権利を守るため、どうか今一度 AI 規制へのご考慮をお願いします。|クリエイターの権利を守るため、どうか今一度 AI 規制へのご考慮をお願いします
exact_4338,exact,2,"不特定多数の創作物、著作物を利用した生成 AI の存在を全面的に否定します。
生成 AI による生成物に対して著作権をというお話があるようなのでそこに絡めて。
そもそも生成 AI という名称に疑問を感じます。
現状、生成しているのは人間です。そういうプログラムにより人の創作物、著作物を利用し
てごちゃ混ぜにして、これが私の作品であると主張している。
創作物、著作物とはそういうもののことを指して言うのでしょうか。
また、AI という言葉を使うほど高度な技術が用いられているのでしょうか。
（AI というなら作品を作るという概念のみ与えれば作品をつくれるのでは、現状の大多数
の人に被害、悪影響を与える学習など必要なく）
誰かの作品をそのまま利用しなければ成り立たないようなものが日本の文化なのですか。
日本のクリエイターたちが作り出した、世界からも愛される文化というのはそういうもの
ではないかと思いますが。
個性豊かなクリエイター達が己の力で生み出したということに敬意や凄み、熱量を感じた
のではないですか。
先人も、現代に生きるクリエイター達もそうした魂のこもった作品を作り出すことに命を
使っていると思います。
現状、そうして創られてきた分野を不当に踏み荒らされているよう感じます。
SNS でどのようなやり取りが行われているかご存じですか。
本来リスペクトされるべきクリエイター達には罵声や暴言が浴びせられ、生成 AI 利用者が
自分の方がすごいとマウントを取る等、酷い惨状が見える事でしょう。
それは生成 AI 利用者の人間性に疑問を感じるようなレベルのものです。
そのような環境でクリエイターが法からも守られず、創作活動を行うエネルギーもすり減
らされ、当人もそのファンもただただ悲痛な気持ちを味わっています。
人を悲しませるものを受け入れるようなことは到底できないです。",特定 多数 創作 物 著作 物 利用 する 生成 AI 存在 全面 的 否定 する 生成 AI 生成 物 著作 権 お話 ある よう そこ 絡める 生成 AI 名称 疑問 感じる 現状 生成 する いる の 人間 プログラム 人 創作 物 著作 物 利用 する ちゃ 混ぜる する これ 私 作品 主張 する いる 創作 物 著作 物 もの こと 指す 言う の AI 言葉 使う 高度 技術 用いる られる いる の AI いう 作品 作る 概念 与える 作品 つくれる の 現状 多数 人 被害 悪影響 与える 学習 必要 誰 作品 利用 する 成り立つ よう もの 日本 文化 の 日本 クリエイター たち 作り出す 世界 愛す れる 文化 の もの 思う 個性 豊か クリエイター 達 己 力 生み出す こと 敬意 凄み 熱量 感じる の 先人 現代 生きる クリエイター 達 魂 こもる 作品 作り出す こと 命 使う いる 思う 現状 する 創る れる くる 分野 不当 踏む 荒らす れる いる よう 感じる SNS よう やり取り 行う れる いる ご存じ 本来 リスペクト する れる クリエイター 達 罵声 暴言 浴びせる られる 生成 AI 利用 者 自分 方 マウント 取る 等 惨状 見える 事 それ 生成 AI 利用 者 人間 性 疑問 感じる よう レベル もの よう 環境 クリエイター 法 守る れる 創作 活動 行う エネルギー すり 減 ら する れる 当人 ファン 悲痛 気持ち 味わう いる 人 悲しむ せる もの 受け入れる よう こと できる,1.0,185001345000004374|185001345000004375,"不特定多数の創作物、著作物を利用した生成 AI の存在を全面的に否定します。
生成 AI による生成物に対して著作権をというお話があるようなのでそこに絡めて。
そもそも生成 AI という名称に疑問を感じます。
現状、生成しているのは人間です。そういうプログラムにより人の創作物、著作物を利用し
てごちゃ混ぜにして、これが私の作品であると主張している。
創作物、著作物とはそういうもののことを指して言うのでしょうか。
また、AI という言葉を使うほど高度な技術が用いられているのでしょうか。
（AI というなら作品を作るという概念のみ与えれば作品をつくれるのでは、現状の大多数
の人に被害、悪影響を与える学習など必要なく）
誰かの作品をそのまま利用しなければ成り立たないようなものが日本の文化なのですか。
日本のクリエイターたちが作り出した、世界からも愛される文化というのはそういうもの
ではないかと思いますが。
個性豊かなクリエイター達が己の力で生み出したということに敬意や凄み、熱量を感じた
のではないですか。
先人も、現代に生きるクリエイター達もそうした魂のこもった作品を作り出すことに命を
使っていると思います。
現状、そうして創られてきた分野を不当に踏み荒らされているよう感じます。
SNS でどのようなやり取りが行われているかご存じですか。
本来リスペクトされるべきクリエイター達には罵声や暴言が浴びせられ、生成 AI 利用者が
自分の方がすごいとマウントを取る等、酷い惨状が見える事でしょう。
それは生成 AI 利用者の人間性に疑問を感じるようなレベルのものです。
そのような環境でクリエイターが法からも守られず、創作活動を行うエネルギーもすり減
らされ、当人もそのファンもただただ悲痛な気持ちを味わっています。
人を悲しませるものを受け入れるようなことは到底できないです。|不特定多数の創作物、著作物を利用した生成 AI の存在を全面的に否定します。
生成 AI による生成物に対して著作権をというお話があるようなのでそこに絡めて。
そもそも生成 AI という名称に疑問を感じます。
現状、生成しているのは人間です。そういうプログラムにより人の創作物、著作物を利用し
てごちゃ混ぜにして、これが私の作品であると主張している。
創作物、著作物とはそういうもののことを指して言うのでしょうか。
また、AI という言葉を使うほど高度な技術が用いられているのでしょうか。
（AI というなら作品を作るという概念のみ与えれば作品をつくれるのでは、現状の大多数
の人に被害、悪影響を与える学習など必要なく）
誰かの作品をそのまま利用しなければ成り立たないようなものが日本の文化なのですか。
日本のクリエイターたちが作り出した、世界からも愛される文化というのはそういうもの
ではないかと思いますが。
個性豊かなクリエイター達が己の力で生み出したということに敬意や凄み、熱量を感じた
のではないですか。
先人も、現代に生きるクリエイター達もそうした魂のこもった作品を作り出すことに命を
使っていると思います。
現状、そうして創られてきた分野を不当に踏み荒らされているよう感じます。
SNS でどのようなやり取りが行われているかご存じですか。
本来リスペクトされるべきクリエイター達には罵声や暴言が浴びせられ、生成 AI 利用者が
自分の方がすごいとマウントを取る等、酷い惨状が見える事でしょう。
それは生成 AI 利用者の人間性に疑問を感じるようなレベルのものです。
そのような環境でクリエイターが法からも守られず、創作活動を行うエネルギーもすり減
らされ、当人もそのファンもただただ悲痛な気持ちを味わっています。
人を悲しませるものを受け入れるようなことは到底できないです。"
exact_4345,exact,2,"AI を使用した作品を今後発表するなら、きちんと罰則を設けるべきだと思います。
ここ一年で、AI 技術は非常に発展しました。岸田総理の AI ボイス動画が世間を騒がせたの
は、政治業界でも記憶に新しいかと思います。
私が懸念しているのは、AI 使用者が自覚・無自覚に関わらず、AI のサンプリング元のデー
タの著作権・肖像権・そして人権を侵害することです。
AI は手軽に絵を生成できますが、好きな作家やアイドルなどのデータを学習すれば、それ
に近い絵が作れます。元のデータは実写やアニメなど関わらず、合成できてしまいます。
近年、健全な子供向けアニメなどの公式イラストと、アダルトビデオの切り抜きなどを AI
で合成し、それをネットで公開・販売するケースもあります。
AI 参入者は、
『そういうイラストは個人で楽しみ、一般の人には見えない配慮をする』とい
うことを理解していないケースも多く、子供が好きなキャラクターを Google 検索したら、
いかにも公式アニメ会社が作ったような画風の全裸のキャラクター画像がヒットする…と
いうこともありえます。
実際、運営会社が「この作品の成人向けイラストはネットに公開しないでください」と周知
をしていても、AI で大量生産をして荒稼ぎしている人間も、少なからずいます。
岸田総理のように、音声を AI で合成され、ネットでおもちゃにされている俳優や声優もい
ます。
私の知り合いにも、
「AI 学習に勝手にイラストを使われて、気持ち悪い画像をネットにアッ
プされた」と言っているイラストレーターもいます。
もう AI は、人のモラルに任せる範疇を超えています。
どこからがアウトで、どこからが刑罰対象なのかという線引きと、罰則制定をお願いします。",AI 使用 する 作品 今後 発表 する 罰則 設ける 思う ここ 一 年 AI 技術 非常 発展 する 岸田 総理 AI ボイス 動画 世間 騒がせる 政治 業界 記憶 思う 私 懸念 する いる の AI 使用 者 自覚 無自覚 関わる AI サンプリング 元 デー タ 著作 権 肖像 権 人権 侵害 する こと AI 手軽 絵 生成 できる 好き 作家 アイドル データ 学習 する それ 絵 作れる 元 データ 実写 アニメ 関わる 合成 できる しまう 近年 健全 子供 向け アニメ 公式 イラスト アダルトビデオ 切り抜き AI 合成 する それ ネット 公開 販売 する ケース ある AI 参入 者 イラスト 個人 楽しむ 一般 人 見える 配慮 する とい こと 理解 する いる ケース 子供 好き キャラクター Google 検索 する 公式 アニメ 会社 作る よう 画風 全裸 キャラクター 画像 ヒット する いう こと ある える 運営 会社 作品 成人 向け イラスト ネット 公開 する くださる 周知 する いる AI 大量 生産 する 荒稼ぎ する いる 人間 いる 岸田 総理 よう 音声 AI 合成 する れる ネット おもちゃ する れる いる 俳優 声優 いる 私 知り合い AI 学習 勝手 イラスト 使う れる 気持ち 画像 ネット プ する れる 言う いる イラストレーター いる AI 人 モラル 任せる 範疇 超える いる どこ アウト どこ 刑罰 対象 の 線引き 罰則 制定 お願い する,1.0,185001345000004382|185001345000004430,"AI を使用した作品を今後発表するなら、きちんと罰則を設けるべきだと思います。
ここ一年で、AI 技術は非常に発展しました。岸田総理の AI ボイス動画が世間を騒がせたの
は、政治業界でも記憶に新しいかと思います。
私が懸念しているのは、AI 使用者が自覚・無自覚に関わらず、AI のサンプリング元のデー
タの著作権・肖像権・そして人権を侵害することです。
AI は手軽に絵を生成できますが、好きな作家やアイドルなどのデータを学習すれば、それ
に近い絵が作れます。元のデータは実写やアニメなど関わらず、合成できてしまいます。
近年、健全な子供向けアニメなどの公式イラストと、アダルトビデオの切り抜きなどを AI
で合成し、それをネットで公開・販売するケースもあります。
AI 参入者は、
『そういうイラストは個人で楽しみ、一般の人には見えない配慮をする』とい
うことを理解していないケースも多く、子供が好きなキャラクターを Google 検索したら、
いかにも公式アニメ会社が作ったような画風の全裸のキャラクター画像がヒットする…と
いうこともありえます。
実際、運営会社が「この作品の成人向けイラストはネットに公開しないでください」と周知
をしていても、AI で大量生産をして荒稼ぎしている人間も、少なからずいます。
岸田総理のように、音声を AI で合成され、ネットでおもちゃにされている俳優や声優もい
ます。
私の知り合いにも、
「AI 学習に勝手にイラストを使われて、気持ち悪い画像をネットにアッ
プされた」と言っているイラストレーターもいます。
もう AI は、人のモラルに任せる範疇を超えています。
どこからがアウトで、どこからが刑罰対象なのかという線引きと、罰則制定をお願いします。|AI を使用した作品を今後発表するなら、きちんと罰則を設けるべきだと思います。
ここ一年で、AI 技術は非常に発展しました。岸田総理の AI ボイス動画が世間を騒がせたの
は、政治業界でも記憶に新しいかと思います。
私が懸念しているのは、AI 使用者が自覚・無自覚に関わらず、AI のサンプリング元のデー
タの著作権・肖像権・そして人権を侵害することです。
AI は手軽に絵を生成できますが、好きな作家やアイドルなどのデータを学習すれば、それ
に近い絵が作れます。元のデータは実写やアニメなど関わらず、合成できてしまいます。
近年、健全な子供向けアニメなどの公式イラストと、アダルトビデオの切り抜きなどを AI
で合成し、それをネットで公開・販売するケースもあります。
AI 参入者は、
『そういうイラストは個人で楽しみ、一般の人には見えない配慮をする』とい
うことを理解していないケースも多く、子供が好きなキャラクターを Google 検索したら、
いかにも公式アニメ会社が作ったような画風の全裸のキャラクター画像がヒットする…と
いうこともありえます。
実際、運営会社が「この作品の成人向けイラストはネットに公開しないでください」と周知
をしていても、AI で大量生産をして荒稼ぎしている人間も、少なからずいます。
岸田総理のように、音声を AI で合成され、ネットでおもちゃにされている俳優や声優もい
ます。
私の知り合いにも、
「AI 学習に勝手にイラストを使われて、気持ち悪い画像をネットにアッ
プされた」と言っているイラストレーターもいます。
もう AI は、人のモラルに任せる範疇を超えています。
どこからがアウトで、どこからが刑罰対象なのかという線引きと、罰則制定をお願いします。"
exact_4359,exact,2,"絵をかかない私も意見提示させていただきます。
絵を描かない人達でもわかる今回の意見ですが簡単に言えば人の絵から無許可で抽出した
AI 生成作品でも著作権で守られる対象になるいう感じだと解釈しております。あまりにも
創作者を蔑ろにしているものだと見受けられこの意見を提示した人に関して二次創作等と
AI について理解せずに発言してると思うと恐ろしく大変遺憾に思います。
著作権法の目的文化の発展に寄与が著しく損なわれる蓋然性の高さ。加え、仮に加筆作品と
類似性の認められる作品を 1 から創作された作品が AI 利用の著作者から権利侵害だという
訴えまで至る可能性もあること。権利侵害による不利益だけではなく、加筆とはいえ生成物
が侵害を訴える逆権利侵害状態が存在する危険性。1 から創作される作品が AI 利用作品か
ら権利侵害を受けるほど屈辱かつ不合理な状況になりうる法規定が通るならば如何なもの
かと思います。
仮にやるとしたら AI 利用を免許制にし公認の AI 生成作品には独自の印を付けることを義
務化し、手描きの作品との区別を明確にすることで、手描き作品の価値を維持し学習元の創
作者には対価を与えるべきだと思います。
素案書いた人や技術革新として推奨する人等本人や身内が AI によってふしだらな画像とか
にされたら規制が傾く、そうなってからは遅いです。更に言えば一般人からも抽出される可
能性があるおぞましい事にも発展せざる負えない自体になりかねないでふ。
ここまで創作活動を行っている人と認知の差があると思ってなく残念に思います。一消費
者から見ても明らかにおかしい内容です。",絵 かく 私 意見 提示 する せる いただく 絵 描く 人達 わかる 今回 意見 簡単 言う 人 絵 許可 抽出 する AI 生成 作品 著作 権 守る れる 対象 なる いう 感じ 解釈 する おる 創作 者 蔑ろ する いる もの 見受ける られる 意見 提示 する 人 二 次 創作 等 AI 理解 する 発言 する てる 思う 大変 遺憾 思う 著作 権 法 目的 文化 発展 寄与 損なう れる 蓋然性 さ 加える 加筆 作品 類似 性 認める られる 作品 1 創作 する れる 作品 AI 利用 著作 者 権利 侵害 訴え 至る 可能 性 ある こと 権利 侵害 不利益 加筆 いう 生成 物 侵害 訴える 権利 侵害 状態 存在 する 危険 性 1 創作 する れる 作品 AI 利用 作品 ら 権利 侵害 受ける 屈辱 不合理 状況 なる うる 法 規定 通る 如何 もの 思う やる する AI 利用 免許 制 する 公認 AI 生成 作品 独自 印 付ける こと 義 務 化 する 手描き 作品 区別 明確 する こと 手描き 作品 価値 維持 する 学習 元 創 作者 対価 与える 思う 素案 書く 人 技術 革新 推奨 する 人 等 本人 身内 AI ふしだら 画像 する れる 規制 傾く なる 言う 一般人 抽出 する れる 可 能 性 ある 事 発展 する 負える 自体 なる かねる ふる ここ 創作 活動 行う いる 人 認知 差 ある 思う 残念 思う 一 消費 者 見る 明らか 内容,1.0,185001345000004396|185001345000004399,"絵をかかない私も意見提示させていただきます。
絵を描かない人達でもわかる今回の意見ですが簡単に言えば人の絵から無許可で抽出した
AI 生成作品でも著作権で守られる対象になるいう感じだと解釈しております。あまりにも
創作者を蔑ろにしているものだと見受けられこの意見を提示した人に関して二次創作等と
AI について理解せずに発言してると思うと恐ろしく大変遺憾に思います。
著作権法の目的文化の発展に寄与が著しく損なわれる蓋然性の高さ。加え、仮に加筆作品と
類似性の認められる作品を 1 から創作された作品が AI 利用の著作者から権利侵害だという
訴えまで至る可能性もあること。権利侵害による不利益だけではなく、加筆とはいえ生成物
が侵害を訴える逆権利侵害状態が存在する危険性。1 から創作される作品が AI 利用作品か
ら権利侵害を受けるほど屈辱かつ不合理な状況になりうる法規定が通るならば如何なもの
かと思います。
仮にやるとしたら AI 利用を免許制にし公認の AI 生成作品には独自の印を付けることを義
務化し、手描きの作品との区別を明確にすることで、手描き作品の価値を維持し学習元の創
作者には対価を与えるべきだと思います。
素案書いた人や技術革新として推奨する人等本人や身内が AI によってふしだらな画像とか
にされたら規制が傾く、そうなってからは遅いです。更に言えば一般人からも抽出される可
能性があるおぞましい事にも発展せざる負えない自体になりかねないでふ。
ここまで創作活動を行っている人と認知の差があると思ってなく残念に思います。一消費
者から見ても明らかにおかしい内容です。|絵をかかない私も意見提示させていただきます。
絵を描かない人達でもわかる今回の意見ですが簡単に言えば人の絵から無許可で抽出した
AI 生成作品でも著作権で守られる対象になるいう感じだと解釈しております。あまりにも
創作者を蔑ろにしているものだと見受けられこの意見を提示した人に関して二次創作等と
AI について理解せずに発言してると思うと恐ろしく大変遺憾に思います。
著作権法の目的文化の発展に寄与が著しく損なわれる蓋然性の高さ。加え、仮に加筆作品と
類似性の認められる作品を 1 から創作された作品が AI 利用の著作者から権利侵害だという
訴えまで至る可能性もあること。権利侵害による不利益だけではなく、加筆とはいえ生成物
が侵害を訴える逆権利侵害状態が存在する危険性。1 から創作される作品が AI 利用作品か
ら権利侵害を受けるほど屈辱かつ不合理な状況になりうる法規定が通るならば如何なもの
かと思います。
仮にやるとしたら AI 利用を免許制にし公認の AI 生成作品には独自の印を付けることを義
務化し、手描きの作品との区別を明確にすることで、手描き作品の価値を維持し学習元の創
作者には対価を与えるべきだと思います。
素案書いた人や技術革新として推奨する人等本人や身内が AI によってふしだらな画像とか
にされたら規制が傾く、そうなってからは遅いです。更に言えば一般人からも抽出される可
能性があるおぞましい事にも発展せざる負えない自体になりかねないでふ。
ここまで創作活動を行っている人と認知の差があると思ってなく残念に思います。一消費
者から見ても明らかにおかしい内容です。"
exact_4382,exact,2,"生成 AI イラストが蔓延ること、著作権を有することに反対します。嘘を精巧に細工するよ
うな絵がいくらでも作れ、絵柄を盗まれる人のことを考えておらず、AI で作ったものに著
作権が適用され「いち作品」としてみなされることなんて言語道断です。プロの作家の仕事
を潰して死ねと言っているのと同じ。簡単に画像が作れるということを喜ぶのは利用者だ
け。その側面だけで便利、手軽と AI 生成が横行すれば、別の側面である作家の仕事がなく
なります。作品に対して何時間何日も時間と手間を頭を使い考え抜いて技術を磨き作る作
品を作る人間の筆を簡単に折って、すでにトラブルが起こっている。創作の範疇に AI が関
わらないでほしい。",生成 AI イラスト 蔓延る こと 著作 権 有する こと 反対 する 嘘 精巧 細工 する 絵 いくら 作れる 絵柄 盗む れる 人 こと 考える おる AI 作る もの 著 作 権 適用 する れる いち 作品 みなす れる こと 言語道断 プロ 作家 仕事 潰す 死ぬ 言う いる の 簡単 画像 作れる こと 喜ぶ の 利用 者 側面 便利 手軽 AI 生成 横行 する 別 側面 作家 仕事 なる 作品 何 時間 何 日 時間 手間 頭 使う 考え抜く 技術 磨く 作る 作 品 作る 人間 筆 簡単 折る トラブル 起こる いる 創作 範疇 AI 関 わら,1.0,185001345000004420|185001345000004549,"生成 AI イラストが蔓延ること、著作権を有することに反対します。嘘を精巧に細工するよ
うな絵がいくらでも作れ、絵柄を盗まれる人のことを考えておらず、AI で作ったものに著
作権が適用され「いち作品」としてみなされることなんて言語道断です。プロの作家の仕事
を潰して死ねと言っているのと同じ。簡単に画像が作れるということを喜ぶのは利用者だ
け。その側面だけで便利、手軽と AI 生成が横行すれば、別の側面である作家の仕事がなく
なります。作品に対して何時間何日も時間と手間を頭を使い考え抜いて技術を磨き作る作
品を作る人間の筆を簡単に折って、すでにトラブルが起こっている。創作の範疇に AI が関
わらないでほしい。|生成 AI イラストが蔓延ること、著作権を有することに反対します。嘘を精巧に細工するよ
うな絵がいくらでも作れ、絵柄を盗まれる人のことを考えておらず、AI で作ったものに著
作権が適用され「いち作品」としてみなされることなんて言語道断です。プロの作家の仕事
を潰して死ねと言っているのと同じ。簡単に画像が作れるということを喜ぶのは利用者だ
け。その側面だけで便利、手軽と AI 生成が横行すれば、別の側面である作家の仕事がなく
なります。作品に対して何時間何日も時間と手間を頭を使い考え抜いて技術を磨き作る作
品を作る人間の筆を簡単に折って、すでにトラブルが起こっている。創作の範疇に AI が関
わらないでほしい。"
exact_4385,exact,2,"AI の学習先であるイラスト製作者の著作権や肖像権を持つ人物の権利が大事だと思います。
そもそも文化の発展として、これらがあったからこそクールジャパンなどといったものに
使われるくらい誇れる文化になったと思います。
AI で生成されたものが著作物と認められてしまう場合、この誇れる文化を作ってきた人、
これから作るであろう人に混乱が生じ、また実害として AI 生成したものが逆訴訟問題をす
ることもあり得ます。
文化の発展を進めるならば AI 生成されたものに著作権は認めないようにしてください。
どうぞよろしくお願い申し上げます。",AI 学習 先 イラスト 製作 者 著作 権 肖像 権 持つ 人物 権利 大事 思う 文化 発展 これら ある クール ジャパン もの 使う れる 誇れる 文化 なる 思う AI 生成 する れる もの 著作 物 認める られる しまう 場合 誇れる 文化 作る くる 人 作る 人 混乱 生じる 実害 AI 生成 する もの 訴訟 問題 する こと ある 得る 文化 発展 進める AI 生成 する れる もの 著作 権 認める よう する くださる お願い 申し上げる,1.0,185001345000004423|185001345000004424,"AI の学習先であるイラスト製作者の著作権や肖像権を持つ人物の権利が大事だと思います。
そもそも文化の発展として、これらがあったからこそクールジャパンなどといったものに
使われるくらい誇れる文化になったと思います。
AI で生成されたものが著作物と認められてしまう場合、この誇れる文化を作ってきた人、
これから作るであろう人に混乱が生じ、また実害として AI 生成したものが逆訴訟問題をす
ることもあり得ます。
文化の発展を進めるならば AI 生成されたものに著作権は認めないようにしてください。
どうぞよろしくお願い申し上げます。|AI の学習先であるイラスト製作者の著作権や肖像権を持つ人物の権利が大事だと思います。
そもそも文化の発展として、これらがあったからこそクールジャパンなどといったものに
使われるくらい誇れる文化になったと思います。
AI で生成されたものが著作物と認められてしまう場合、この誇れる文化を作ってきた人、
これから作るであろう人に混乱が生じ、また実害として AI 生成したものが逆訴訟問題をす
ることもあり得ます。
文化の発展を進めるならば AI 生成されたものに著作権は認めないようにしてください。
どうぞよろしくお願い申し上げます。"
exact_4387,exact,2,"AI による画像生成に対して法整備を求めます。
画像生成ソフトは児童含む実在人物への性被害、及びフェイク画像の拡散、そしてイラスト
レーターや写真家は作品を取り込まれた時点で著作権を失います。
海外はこうした懸念から法規制を進めてる中で日本は AI による被害を守ろうとしていませ
ん。
特にイラストレーターは画像生成ソフトに取り込まれたら作品という財産を守れない為、
日本のクリエイターは勿論、海外のクリエイターも日本で仕事したら盗まれると考えて仕
事を避けるようになります。
どうか早急に法整備をお願い致します。",AI 画像 生成 法 整備 求める 画像 生成 ソフト 児童 含む 実在 人物 性 被害 フェイク 画像 拡散 イラスト レーター 写真 家 作品 取り込む れる 時点 著作 権 失う 海外 懸念 法規 制 進める てる 中 日本 AI 被害 守る する いる イラストレーター 画像 生成 ソフト 取り込む れる 作品 財産 守れる 為 日本 クリエイター 海外 クリエイター 日本 仕事 する 盗む れる 考える 仕る 事 避ける よう なる 早急 法 整備 お願い 致す,1.0,185001345000004426|185001345000004428,"AI による画像生成に対して法整備を求めます。
画像生成ソフトは児童含む実在人物への性被害、及びフェイク画像の拡散、そしてイラスト
レーターや写真家は作品を取り込まれた時点で著作権を失います。
海外はこうした懸念から法規制を進めてる中で日本は AI による被害を守ろうとしていませ
ん。
特にイラストレーターは画像生成ソフトに取り込まれたら作品という財産を守れない為、
日本のクリエイターは勿論、海外のクリエイターも日本で仕事したら盗まれると考えて仕
事を避けるようになります。
どうか早急に法整備をお願い致します。|AI による画像生成に対して法整備を求めます。
画像生成ソフトは児童含む実在人物への性被害、及びフェイク画像の拡散、そしてイラスト
レーターや写真家は作品を取り込まれた時点で著作権を失います。
海外はこうした懸念から法規制を進めてる中で日本は AI による被害を守ろうとしていませ
ん。
特にイラストレーターは画像生成ソフトに取り込まれたら作品という財産を守れない為、
日本のクリエイターは勿論、海外のクリエイターも日本で仕事したら盗まれると考えて仕
事を避けるようになります。
どうか早急に法整備をお願い致します。"
exact_4962,exact,47,"昨今の AI 生成を用いたイラストに対して非常に不快に感じています。その理由は大きく 2
つあります。
・1 つ目は多数のイラストレーターのイラストを無断で利用したイラスト生成のシステム。
これの大きな問題点は、そのイラストレーターが意図しないイラストを生み出してしまう
ことです。それを政治利用や不適切なイラスト(例とするならウマ娘の r18 イラスト)を生成
した場合、元となったイラストレーターの名誉損害になってしまいます。
・2 つ目は実写画像の改造行為です。生物の特徴を捏造した画像(虫の脚の数がおかしいな
ど)があたかも本物の画像であるかで掲載されてる場合が見られます。また、実在する人物
を AI で加工して裸体にする画像も見られ、それを意図せず目に入れてしまう場合がありま
す。その人物の名誉損害になってしまう可能性が大いにあります。
どうかこの 2 点を問題視し、AI の利用方針または規制方針を考えてくださると幸いです。
私個人としては規制して欲しいと考えています。",１ はじめ 昨今 ＳＮＳ 見る みる 多く イラストレーター 学習 構図 模倣 害 悩ます れる いる トレパク 被害 出力 する 絵柄 作風 雰囲気 素人目 わかる 共通 点 ある それ 似る 画風 する いる イラ ストレーター 自分 作品 出力 作品 疑う れる 事例 出る くる いる 近年 AI 発達 相当 専門 家 限り AI 次 行動 予測 する こと 状態 西垣 通 氏 川島 茂雄 氏 共著 AI 倫理 の 中公新書 ラクレ 人工 知能 責任 とる 2019 年 ９ / 10 初版 言葉 借りる ＡＩ もつ 疑似 不可 知性 呼ぶ こと する 疑似 不可 知性 持つ よう なる 責任 所在 個人 的 視点 ある 検討 する いく 考える いる ２ 検討 前提 １ 従来 著作 権 法 考え方 整合 性 AI 著作 権 法 考え方 従来 著作 権 法 考え方 整合 性 取れる いる 考える いる 判例 判決 出す 場合 ユーザー AI 疑似 不可 知性 著作 権 侵害 する しまう の 意図 的 もの たか 慎重 検討 する 責任 所在 明らか する こと 必要 性 感じる いる ２ AI 著作 権 関係 従来 整理 法規 制 足りる いる 感じる 場面 ある 生成 AI 出力 する 文章 画像 映る 像 規制 加える いく 考える 規制 加える の AI 知識 ユーザー 加害 者 側 AI 行動 予測 できる 制作 者 側 考える ３ 生成 AI 技術 的 背景 １ 生成 AI 大変 技術 世界中 文化 発展 寄与 する 考える いる それ 一部 人々 不利益 こうむる の 本意 不利益 文化 後退 招く かねる もの 新た 規制 必要 考える いる ２ 生成 AI 新た 技術 ３ AI 開発 事業 者 AI サービス 提供 者 技術 的 措置 ４ 関係 者 様々 懸念 声 ５ 論点 １ 学習 開発 段階 ２ 生成 利用 段階 ３ 生成 物 著作 物性 私 AI 作成 する 作品 何者 著作 権 それ 付随 する 権利 一切 持 考える いる AI 生成 物 他人 著作 権 等 侵害 する いる 場合 AI 生 成 物 依拠 性 類似 性 判断 する の 大変 困難 ため 製作 者 側 AI プログラム 作成 時 データ 依拠 する 出力 禁止 する せる 等 対策 必要 考える いる ４ その他 論点 自身 作品 明らか 依拠 する 作品 出力 する れる 場合 クリエイター 著作 者 人格 権 主 張 する こと 可能 考える ６ 最後 募集 要項 素案 大変 難解 読み切る の 苦労 する 素案 読み切る 正 しく 読み取れる いる わかる 意見 庁 求める いる 内容 合致 する いる 安 今回 よう 案件 専門 家 被害 受ける クリ ター 意見 貴重 考える ため 大衆 迎合 する 意見 募る 考える 私 文章 大変 稚拙 認識 する いる 多く クリエイター AI 利用 する 文化 発展 寄与 する 考える 私 意見 未来 創作 物 保護 ほる ん 一助 なる 想い 意見 提出 する せる いただく,1.0,Unknown|Unknown|Unknown|Unknown|Unknown|Unknown|Unknown|Unknown|Unknown|Unknown|Unknown|Unknown|Unknown|Unknown|Unknown|Unknown|Unknown|Unknown|Unknown|Unknown|Unknown|Unknown|Unknown|Unknown|Unknown|Unknown|Unknown|Unknown|Unknown|Unknown|Unknown|Unknown|Unknown|Unknown|Unknown|Unknown|Unknown|Unknown|Unknown|Unknown|Unknown|Unknown|Unknown|Unknown|Unknown|Unknown|Unknown,"昨今の AI 生成を用いたイラストに対して非常に不快に感じています。その理由は大きく 2
つあります。
・1 つ目は多数のイラストレーターのイラストを無断で利用したイラスト生成のシステム。
これの大きな問題点は、そのイラストレーターが意図しないイラストを生み出してしまう
ことです。それを政治利用や不適切なイラスト(例とするならウマ娘の r18 イラスト)を生成
した場合、元となったイラストレーターの名誉損害になってしまいます。
・2 つ目は実写画像の改造行為です。生物の特徴を捏造した画像(虫の脚の数がおかしいな
ど)があたかも本物の画像であるかで掲載されてる場合が見られます。また、実在する人物
を AI で加工して裸体にする画像も見られ、それを意図せず目に入れてしまう場合がありま
す。その人物の名誉損害になってしまう可能性が大いにあります。
どうかこの 2 点を問題視し、AI の利用方針または規制方針を考えてくださると幸いです。
私個人としては規制して欲しいと考えています。|・意見対象箇所
「４．関係者からの様々な懸念の声について」＜クリエイターや実演家等の権利者の懸念
＞
「５．各論点について」(1) 学習・開発段階
・意見の概要
生成 AI を利用する立場の人々が、クリエイターが生成 ai の不安を滲ませた投稿をした際
に、クリエイターに暴言や誹謗中傷、自殺教唆、嫌がらせ目的での追加学習をすることが
繰り返されている。このため作風をアイデアとして認めて追加学習を禁止することの検討
と、〈クリエイターや実演家等の権利者の懸念〉欄に生成 ai ツールを利用した嫌がらせや、
生成 ai ユーザーのそうした問題があることを明記し、同様の行為を防止するための文章と
対策を考えて欲しい。
また現在の生成 ai ツールで生成したものと手描きのものは差別化出来るようにしないと著
作権利用市場の衝突と結びつくのではないかと不安です。
・意見及び理由
SNS ではクリエイターが AI、とりわけ画像生成 AI についての不安や呟いた際、
「AI が
あるから絵師はいらない」や「AI に負けてるから絵描くのやめろ」など集団で個人を叩い
たり、嫌がらせ目的で個人の Lora を追加学習し R18 イラストを生成したり首吊りイラス
トを生成したりする人々がいます。追加学習した Lora で稼げたと、本人に報告へ行く生成
ai ユーザーもいました。
また、生成 ai ツールを使っている人々の多くが生成 ai ツールを金儲けの道具だと思ってお
り、クリエイターの事を「餌」呼びにしたり(Lora で追加学習して販売する為)心無い誹謗
中傷でクリエイターを辞めてしまった人もいます。また無断で AI 学習しないでくださいと
呼びかけているクリエイターを狙って Lora を作ることが流行ったり、非人道的なことが遊
びのように行われています。
Lora の元になっているイラストは生成 ai ツールで数分で作ったものではありません。10
年以上の年月をかけて磨き上げた職人技と 10 時間以上費やして描いた渾身の作品です。日
本が誇るクールジャパンを積み上げているクリエイターを馬鹿にして蔑ろにする人々がこ
んなに居たことが発覚して本当に残念です。
素案にもそうした前提や、不安な気持ちになっているクリエイターが画像生成 AI について
呟いただけで誹謗中傷され、生成 ai ユーザーに狙われて集中攻撃する問題、生成 ai ツール
を使って嫌がらせをすることが広がっていることを明記した上で、こうした悪質行為を抑
止することができるような文面を盛り込んでいただきたいと考えています。
すでに手描きだと嘘をついて商売をする生成 ai ユーザーやフェイクを作るユーザーが多発
している現在の生成 ai 利用者のモラルや使用方法として公共の利益を考えるレベルにまで
到達しているのではないかと考えました。
ai における技術の進歩や改革は素晴らしいとは思いますが、その一方で被害者を生み出す
ツールは法や規約でしっかりと取り締まらなければならないと考えます。しあし現状 ai の
スピードに追いついておらず、取り締まりが本当に可能なのか疑問のためにツールを制限
することも視野に入れるべきだと思います。
手描きと嘘をつく人が現れた為、SNS では AI 生成のフェイクだと気づかず信じ込む人や
ai だと見抜けないイラストが増えてしまい、懐疑的な気持ちで創作活動をする人やファン
が増えています。
嫌がらせや誹謗中傷、Lora の追加学習で被害に遭ったと述べているクリエイターの証拠な
どは全て保存しています。安心して創作活動ができる世の中に戻りたいです。よろしくお
願い致します。|絵は時間と経験で描かれた「所有者の財産」であり、他者の使用は依頼、購入、容認で成
り立ちます。
ですが「生成 AI の法律がまだ無い」ことで、生成 AI による学習元イラストと酷似した生
成物の無断投稿、販売が非常に多く横行してます。
昔描いたイラストが無断で生成 AI に取り込まれ、情報商材屋のようなアカウントに使われ
たことをフォロワーさんからえてもらった時、とても大変だった|・（31p）著作権侵害をしていても、故意や過失で無ければ
廃棄請求は出来ず、被害者側が自主的に差し止め請求しなければ罰則も無いと言うことで
しょうか
そもそも差し止め請求として捉える措置（32p）に記載されている
差し止めや廃棄請求や情報開示要求がそのまま執行されない理由は何故でしょうか
学習済みモデルから現状取り除けないのであれば
加害者側に措置を執行確約して欲しいです
現時点で無断で他人の著作物を取り込み、成りすました人物が
成人向けの生成物を流通させ、風評被害による営業妨害を受けている絵本作家の方もいら
っしゃるので
著作権法で義務付けて下さい|こんにちは。
絵を描くことが好きなサラリーマンです。
生成 AI に対する意見などを言える機会があると聞き、こちらに書かせて頂きます。
読んでいただけることを願います。
私の意見としては「生成 AI に関する規制は必要」です。
自由に誰でも使用できる事が、一番危険な為です。
なぜ日本のクリエイティビティが尊重されて来たのか、二次創作がここまで許されて来た
のか、発展してきたのかを考えると一つ答えが出てきます。
そこには著作者とユーザーとの交流による相乗効果、人と人の持ちつ持たれつの関係、ラ
イン引きが構築されてきたことにより、漫画、アニメに限らず、様々なジャンルが発展し
てきています。
では生成 AI で生み出された物が、我々人間を尊重してくれるのでしょうか。
または生成 AI を利用した人間は、それまでの純粋なクリエイター、著作者を尊重している
でしょうか。
AI が人間の生成物を栄養として食い物にし、人間は AI の生成物を栄養にできるでしょう
か。
例を挙げるのであれば、将棋などで AI が活用されていますが、勝利への答えが数知れた物
では何も影響は無いです。
更に、将棋が AI を利用して此処まで規制などの問題にならないのは、「将棋を愛する人間
同士が介していた（尊重してきた）
」からこそ慎重に選択し、今の発展があります。
つまるところ、「著作者、クリエイター、ユーザー間の尊重やリスペクト」があって、初め
て成り立つのが文化という物です。
創作物は誰でも作ることはできますが、完成させられるのは限られた人間だけです。
限られているからこそ、不安定ながら安定しているのです。
これが外部のクリエイターでもない誰かが自由に可能となれば、不安定は更に不安定を増
し崩壊します。
また、重要なのは日本の文化を築き上げてきたのは、作品を作り続けてきた先人達という
事です。
今のクリエイターはそれを蔑ろにしている人は誰一人居なく、すべてのクリエイターは先
人クリエイターを尊重し尊敬し続けています。
生成 AI の権利や法律を考える前に、前提としてこう言った文化の背景を理解することは必
要です。
クリエイターや使用者を守るだけでなく、先人たちが築いてきた文化を守ってください。
お願いします。|AI で生成されたもの
基
他人の画像データ
写真データ
音声データ
文章データ
な
どを集め
AI にインストールするという行為は
著作権
無数のデータが入っており
その中に
何千という
権利が含まれております
それらを一つ一つ
また
問い詰めることにも時間も
人間とは違い
データをコピーして
いわゆる人間でいうところの
その行為を
の名前
無数にでき
評判
もう一つ
名誉
やり方によっては
AI 技術が
全部の
インストールされたデータの制作者(会社）
写真を使う
公式に載せている
本来ない場所（架空の場所）
ダメ
AI にイ
デマを散布させる可能性
というわけではありません
無断で
データをインストールさせている
無断で他人のデータをインストールしている
販売している
国の写真などを
などができます
ただそこに至る過程で
部外者が
パクリ）です
などを傷つける行為となります
生成させると
のある写真の生成
それを何千枚も重ね合わせてやる行為です
トレパク（トレース
仮に著作権の無い
ンストールさせ
お金もかかります
に関する人物たちが現状の
もしくは
AI のデータですよと
問題です
まとめ
画像
音声
文章
誉棄損（著作権
け誹謗中傷）
象は受けず
ありとあらゆるデータを
無断で AI にインストールして
他人のデータを使用した物） 犯罪行為（X での
他人の文章をトレースしての論文
このまま何もせず進むと
デマ流布
などが多発しています
悪化していくでしょう
販売や
名
被災者に向
あまり良い印|漫画家です。
早急に、悪意を持って生成 AI を使用する人間を取り締まる法律をお願いします。
相応のリスクが有ることをハッキリと示して、被害の抑制にしていただきたいです。
著作権法で保護できないなら、
刑法に、生成 AI に関する条文（または補足など）を増やす、
等は出来るのではないでしょうか
著作権法だと民事になり時間がかかり、被害が広がるので、
刑法でお願いしたいです。
文化庁単独では難しいかもしれませんが…
（省庁の縦割り構造、良くないと思います）
素案の 17P にもありましたが、
現実に、実際起こっている問題として、
クリエイターA（以下 A）と
生成 AI ソフトを使用しているユーザーB（以下 B）におきまして
B が、A の作品を多数、生成 AI に取り込み、学習させ、
A の絵柄で、ポルノイラストを生成し、SNS で公開する
という事案が起きています。
この事案では、イラストを見れば、誰でも A のイラストだと分かり、
A はそういったジャンルのイラストレーターでは無かったため、
トラブルを恐れた企業から仕事を干され、作品ではなく人格を汚されました。
収入も減り具体的な被害が出ています。
これは、意図的に相手を貶めるためにやったのでは、という疑惑も有りました。
声優が声を奪われて、イメージを損なわれたりもしています。
たとえば、新人女優が身体の外見データの提供を条件に
オーディションを受けさせられて、データだけ取られて、
採用はされない…といった事案も、そのうち起きるでしょう。
こういった事案を防ぐための法整備も、進めていただきたいです。
そして、そもそも論ですが、
生成 AI というのは、クリエイタ―が生み出したものを勝手に収集、利用し、
その生成 AI の開発者及び、生成 AI を販売、稼働させている企業等に、
新たな利益を付与するものです。
つまりクリエイターは、生成 AI（法人または個人）に、
「自分が生み出したものを不当に搾取されている」訳です。
不当な搾取での利益が搾取側に発生している以上、
搾取された側には、被害が発生しています。
根本的な問題はここです。法文をこねくり回しても、真実は変わりません。
生成 AI の開発＆提供側が、一切利益を得ていないなら被害は発生しませんが、
そうではないと考えられます。
ただ、海外の開発元は日本の法律では裁けない事と、
結局は利用する人間のモラルの問題ですので、
いたちごっこにはなると思いますが、
生成 AI を利用した、権利侵害を
取り締まる法律の作成、早期の成立を願っています。
生成 AI による被害は著作物だけの問題では無くなってきていますので、
省庁をまたいで、解決策を講じることが必要だと思います。|断固反対です|４．関係者からの様々な懸念の声について
4 AI 生成物が著作物として扱われ、大量に出回ることで、新規の創作の幅が狭くなり、創
作活動の委縮につながること
上記項目の創作活動の萎縮に繋がる点に対して、著作権とは違った観点から懸念がありま
す。
AI は短時間で大量に、作風を有しながら一定の完成度を担保する完全に一致しない程度の
画像を生成することが可能であり、その数は生成する人間の数によってねずみ算式に増え
ていきます。
大量の似た生成物を目にすることで消費者は飽き、その作風への信頼性と価値が低下する
ことが考えられ、これは特に芸術分野において、SNS や広告で既に起きている問題です。
現在でも「流行」という形で方向性が類似することはありますが、画像を人間の手で作成
するには一定の時間・技術・労力が必要なため、AI での生成とは頻度が大きく異なります。
作風が陳腐化し飽きられる頻度も、従来の流行り廃りのサイクルとは比べ物にならない速
度であるため、AI の「価値の消費」による創作活動への損害は危惧せざるを得ません。
具体的な損害が見えづらい「避ける形をとらざるを得ない、対応できた事業者が生き残る」
という問題は現状でも少なくありませんが、本件は特に人と AI の学習・出力速度を十分に
鑑みて、より慎重な立案を求めます。|【項目名】
１．はじめに
個人的に stable diffusion の環境を構築してイラストを大量に出力した経験があります。
～間の内容については、詳しくないため省かせていただきます。～
（４）その他の論点について
・AI イラストによる市場飽和状態
・悪意のある人間が特定の個人への攻撃目的としたイラストの学習と出力
・市場に AI イラストが存在しているという不安
・市場にイラストを出した場合の不安
・AI の品質について
上記について一つずつ解説いたします。
・AI イラストによる市場飽和状態
AI イラストは大量の失敗作を通して良い作品を選ぶ必要があるとはいえ、誰でもそれな
りの品質で作品を作ることができます。それにより、Youtube 上では既に AI イラストサム
ネイル/AI イラスト動画/AI 作成楽曲で作られた作業用 BGM 動画が大量にアップロードし
始めております。これは Youtube に限らず、Pixiv や Pinterest でも AI イラストばかり表
示され、本来見られるべき、見たい作品への障害物となっております。もしも、この流れ
が加速する場合、本来価値のある作品が見られる機会そのものが減ることになり、インプ
レッションという利益を失い、市場全体の士気の低下/崩壊につながる懸念があります。そ
してそれは、今後学習するデータが市場に出なくなり、過去のクオリティしか生み出せな
い/ウロボロス化する未来に繋がります。この点が最も懸念している内容となります。
・悪意のある人間が特定の個人への攻撃目的としたイラストの学習と出力
このようにインターネ
ット上で頻繁にこの問題が発生しており、AI よりも価値のある作品を生み出す人間が不利
益を被っている現状を放置したままにしておくのはあまりにも理不尽な状況です。データ
が大量にあるにせよ、どのようなデータセットを用意して作られているのかの開示、また
そのような行為を行う人間に対しての規制は必要かと考えます。
・市場に AI イラストが存在しているという不安
イラストを見る側の観点として、今まで純粋に良い・悪いと判断できた市場で「これは
AI だろうか」とまず疑う必要が生まれました。なぜなら、イラストを見るという行為は、
その人の絵を描く技術やストーリー、こだわりなどを感じ取って楽しむものだからです。
その人との共感をする際、それが AI だと知ったときに今まで感じていたものがすべて AI
が生み出したただの虚無であったとしたら、自分の感性がそれを見抜くことが出来ない程
度の低能なことを実感します。この感情を生まないため、今まで以上に絵を細部までとこ
とん見る必要が生まれました。今までのように純粋に良いと思えなくなるのはとてもつら
いです。そのため、そのイラストが AI を利用している場合は必ず AI という透かしや説明
をする義務が制作者にはあると考えます。
・市場にイラストを出した場合の不安
これはイラストに限らず、文章や音楽にも言えるかもしれませんが、市場に作品を投稿
した場合、全世界から学習の対象にされていると思うと、市場に作品を投稿すること自体
に不安を感じます。そのため、不可能かと思いますが絶対に学習されないシステムか、も
しくは学習に対しての規制などの抑止力が必要と考えます。
・AI の品質について
そもそも創作は、様々な作品を見て、その歴史や背景や流行りを感じ取り作られていく
ものかと思います。過去を学習し、過去を生み出す AI には未来やトレンドに相応する作品
を作る能力が欠如しております。目的の絵柄を作るためには目的に近い作品を学習する必
要があります。自己学習し反芻できる形の AI も最近生まれておりますが、その場合でも、
人間のように生身で、その目で世界に触れることが出来ない AI は、現実を理解しないまま
歪な未来を想像することしか出来ないでしょう。そのような作品が真に人間が良いと思え
る作品を作ることが出来るでしょうか？道具は適材適所、作品に意味を見い出すのは人間
で、使いようではありますが、少なくとも現状は人が描いた人のための絵が最も良いもの
だと考えます。
６．最後に
AI が出る前は、もっと人間が豊かになる道具だろうと思っていました。ChatGPT はと
てもよく使っており有意に感じます。ですが現実はただ純粋に良い物を創ろうとしている
クリエイターが不利益を被り続けています。この状況は人にとっても、AI の将来にとって
も良くありません。何かしらの規制をお願いいたします。
185001345000001187|絵は時間と経験で描かれた「所有者の財産」であり、他者の使用は依頼、購入、容認で成
り立ちます。
ですが「生成 AI の法律がまだ無い」ことで、生成 AI による学習元イラストと酷似した生
成物の無断投稿、販売が非常に多く横行しておりクリエイターや消費者が非常に困ってい
る。|プロのイラストレーターの方が、悪意ある第三者によって画像生成 AI に作品を学習され、
本人が絶対に描かないと仰っていた性的なイラストを出力される嫌がらせを受けているの
を見ました。
画像生成 AI にプロのイラストレーターの方の絵柄を学習させて、嫌がらせやパトロンサイ
トで金銭を得る行為はたびたび見かけます。
そもそも著作権的にグレーどころか真っ黒な画像生成 AI には恐怖と危機感しか覚えません。
チャット GTP ですら、著作権的には問題があると感じています。
生成 AI は長い間努力し、己の技量を磨いてきたクリエイターにとって、その成果物を横か
らかすめとる害悪でしかありません。
クリエイターA 単体の絵柄を模倣した画像生成 AI は著作権に引っかかるが、クリエイター
A とクリエイターB の絵柄をミックスした画像生成 AI なら OK という話でもありません。
クリエイターの著作権を守るためにも、著作権を無視した生成 AI の使用は禁ずるべきだと
感じています。|現在副業でイラストレーター業を行っている者です。
文書内にて規定されている「当該著作物に表現された思想又は感情を自ら享受し又は他人
に享受させることを目的としない場合には」という制限は、残念ながら現在の状況におい
ては悪意ある使い方に対しての抑止力としては殆ど機能をしていないと言わざるおえない
と思います。
現在ネット上においては特定のイラストレーターを集中的に学習し、そのモデルを用いて
生成したイラストの販売、明確に模倣元のイラストレーターへの嫌がらせ行為として生成
イラストを使用する方、またイラスト等に限らず直近では実在する人物の肖像に対して悪
意を持って生成 AI を使用する行為など、大きなものから小さなものまで数えていたらキリ
がないと考えております。
技術的に高いハードルがあった時代に比べ、こういった行為を行う人間がインターネット
上では多く散見され、仮に一人のイラストレーターや肖像を使われてしまった人が悪意を
持った人を訴えようにも、似たような人物が大量に現れてしまう昨今の状況では、とても
個人での対処は不可能だと私は感じております。
また生成 AI を作る側としても、現状出回っている創作等に使われている生成 AI のモデル
はそういった非倫理的使い方や学習方法に寄っているモノの方が多く、著作者に許諾を得
ながら真面目に作っている企業や製作者側が不利を受ける図式になっているのも私として
は問題であると考えております。
個人的には今の状態からもう少し、生成 AI の利用や制作、あるいはその生成物の使用用途
等について今一歩踏み込んだ規制や制限を設けて頂きたいと考えております。|享受利用目的の定義が不明瞭で、現状著作物大量に集めて「データの塊」にしようとして
いるように思えます。
個々の著作物の割合がどんどん小さくなってしまい、結果、非享受利用になる可能性が完
全否定出来ないなんておかしいです。
やめてほしい。
生成 AI に創作性を認めるなら不法者のいい稼ぎになりえます。生成 AI で何十万枚も生成
しておいて、全て公開しておけば、画像検索を走らせて、少しでも似てる絵がアップロー
ドされれば著作権侵害で絵師や創作者を脅し示談金を取る。生成 AI 側の侵害は知らなかっ
たで無罪になりノーリスク、なんてこともあり得ます。
自由な創作を絶滅させたいのでしょうか。
現在の状況でこれを賛成する者はおそらく無知の自覚がないものか、犯罪者であるとしか
思えません。
もうすこしこの国の創作者に敬意をもったものをお願いします。|自分の顔などを生成 AI に取り込まれて性的な画像生成されたりしたらめちゃくちゃ嫌じゃ
ないですか？|意見対象箇所
「４．関係者からの様々な懸念の声について」＜AI 利用者の懸念＞
「５．各論点について」
（２）生成・利用段階
以上２ケ所
生成 AI による絵柄や画風の盗用が簡単に行えるようになった一方で、既存の著作権法の枠
組みではそうした悪質行為に対抗できないと感じる。
誰が見ても既存クリエイターの作風を模倣したと分かる AI 絵を商用利用された場合、クリ
エイターの利益が不当に侵害されることは明らかであり、そうした行為を取り締まれるよ
うな立法の必要性についても明記してほしい。|生成 AI・AI 学習を禁止にし、作品の創作者の著作権と
作品に出演する俳優・声優などその他関係者の権利を守る
法規制をきちんと行ってほしい。
理由として
以下の懸念を挙げます。
〇ＡＩ学習普及により作成者の著作権が侵害され
文芸創作活動を行う人がいなくなり
業界そのものが衰退・消滅するのではないかと危惧している
〇ＡＩによるデマ・ディープフェイクが蔓延する危険性がある
です。
-----------------------------------------------------〇ＡＩ学習普及により作成者の著作権が侵害され
文芸創作活動を行う人がいなくなり
業界そのものが衰退・消滅するのではないかと危惧している
まず
一つ目の件ですが
AI 学習の学習元データとして
作家の作品・俳優の出演する作品、ネットや SNS で投稿された
不特定多数の個人の写真や動画・音声、
さらには
児童ポルノの被害者の写真が無差別かつ無断で
盗作・学習され混ぜられて
AI によってコラージュのように切り貼り状態で改変されて生成されます。
ＡＩによる無断学習・生成により
文芸・芸術作品の作成者・創作者の貴重な時間と技術獲得と
創作のために心血を注いだ苦労と著作権の権利を生成 AI に無断かつ勝手に搾取され
かつ
児童ポルノなどの性犯罪の画像と一緒くたに混ぜられた挙句
創作者の意思を無視した状態で
生成 AI より作品を盗用・剽窃されるなんて
創作者の権利を踏みにじられるようで
また生成 AI が増加するにつれ
本来の著作者としてはとても耐えがたいことです。
本来の作成者の生計が成り立たなくなり
創作・芸術作成を行う人がいなくなってしまう恐れがあると考えます。
（実際、無断で学習に使われた作成者本人に対し
ＡＩ推進派が誹謗中傷
場合によっては殺害予告等を行っている投稿を見かける。
）
このように
生成 AI を正当化することにより
日本の誇る芸術・文芸業界の衰退と
海外からの日本作品の信用の喪失を招くのではないかと大変危惧しています。
〇ＡＩによるデマ・ディープフェイクが蔓延する危険性がある
二つ目の件については、
ＡＩによるディープフェイク・デマが増加し
デマやディープフェイクによる
デマを信じた結果
例として》
冤罪や
命の危険が及ぶ場合があることを危惧しています。
専門家の監修による本当に安全な正規のキノコの画像
ＡＩが解説図を描いたキノコ図鑑が出回ることにより
ではなく
ＡＩ図鑑の画像を真に受け
キノコ採取で毒キノコを誤って摂取してしまう危険がある。》
また、AI 学習データの中に児童ポルノ（実写）も混じっていることもあり
性被害・人権侵害の問題とも絡んで
深刻かつ許しがたいことだと感じます。
以上のことを懸念しているため、
生成 AI の法的規制・禁止を強く求めます。|パブコメメモ
未成年の不適切な取り扱い
写真から AI 生成がされるともお聞きしました。日本のエロ漫画は表現の自由により未成年
への成人向け表現も多用されています。そのような作品が生成でき、またそれが容認され
るということは国家として日本は現実世界における未成年への加害さえも容認していると
いう解釈をしてしまいます。
創作活動者
「生成 AI でいいじゃん」という方々が既に散見されます。しかし生成 AI は既に学習元と
なる作品あって初めて成立するものでありそれらの通った道を辿っているに過ぎません。
「1.はじめに」でありましたが生成 AI 使用者を「創作者」等と呼ぶこと自体が間違ってい
ます。彼らは他人のレールの上を歩きまたそれをまるで自分が初めて通ったのだと豪語し
ているだけです。これにより筆を折る本当の創作者の方々もいらっしゃいます。その中に
は日本の誇るべき文化を支えた人もいたかもしれません。生成 AI そして生成 AI 使用者に
よって筆を折られた方々です。
不安
生成 AI を使用していないため、学習元となるデータが公開されているのかわかりませんが
自分が描いたイラストや自分の写真が知らないうちに学習され、他人に使用されているか
もしれないという不安感があります。もしデータの公開がなされていたとしても、膨大な
量でしょうから探すことはほぼ不可能だと考えています。削除もできないでしょう。
もし AI 利用を推進するならば
新たに生成 AI サイトやソフトを開発し、
「自分の写真・作品を AI 生成に利用しても良いで
すよ」という方のみそちらに登録していただくことを強く推します。もちろん他人が偽っ
て登録をする可能性もありますし、既存の生成 AI を使用している可能性もありますので審
査は厳しいものとなります。
生成 AI を使用し自身の作品であると豪語する人々は転売ヤーとそう変わりありません。転
売ヤーは犯罪者ですよね。生成 AI 利用者はどこがどう違うのでしょうか。
また、以前岸田首相が岸田首相の意図しないような扱いを受けていました。生成 AI を使用
し作成された動画です。そのような事態を合法化するのでしょうか。あれは完全にネタ動
画でしたから見分けもつきましたが「こんな発言されてますよね」「こんな行動されました
よね」と生成 AI により作成されたものが出回りそれが本人にとって不利なものとなるケー
スも少なくないだろうと予測ができます。岸田首相の動画の作成者は一般人が簡単に作っ
たものです。知識がある人がより時間をかけ精巧に作れば見分けることも難しいでしょう。|「４．関係者からの様々な懸念の声について」
＜クリエイターや実演家等の権利者の懸念＞
４.AI 生成物が著作物として扱われ、大量に出回ることで、新規の創作の幅が狭くなり、創
作活動の委縮につながること
の項目などにおいて、生成 AI による生成物の単純な価値や経済的影響についての議論がな
されています。
また、
「５．各論点について 」
（１）学習・開発段階
【著作権者の利益を不当に害することとなる場合について】
の項目では、それらの整理がなされています。
しかし、昨今においての生成 AI は、学習によってモデルを生成し公開すること、及びそれ
らにより生成された物を公開することそれ自体が、
元作品著作者への非常に強烈かつ悪辣な攻撃手段と化しており、学習元作品の作者に対す
る強烈な嫌がらせが横行してしまっている状況です。
こうしたリスクは明らかに「著作権者の利益を不当に害する」に含まれ得るものであると
考えますが、
生成 AI という存在がもたらすこうした危険性に対し、本素案では考慮がなされていないと
感じます。
実際に、以下のような事例が発生しています。
（ごく一例）
・特定の作家の作風を集中学習させたモデルを用意し、作家本人に対する脅迫的なメッセ
ージを含むイラストを生成する
（
）
・岸田総理の声を模した音声生成 AI により、TV ニュースを模した画面で不適切な言葉を
喋らせる動画の投稿
こうした AI による強烈な嫌がらせはもはや日常的に目にするものとなってしまい、
特に一般の作家さんなどにはおよそ度を超えた侮辱であると感じて心を病んでしまってい
る方もおられます。
これらのリスクを考えないまま、生成 AI とその生成物についての単純な価値や経済的影響
といった面での議論に終始してしまうのは非常に危険であると考えます。
特にクリエイターという職はその性質上、本人は 1 人あるいは少人数であるのに対し、そ
の存在を知る人間は非常に多数となる非対称性があります。
そうした多数の中からごく一部の悪意を持った者が利用する攻撃手段として、現在の生成
AI はあまりにも効果的です。
誰でも簡単に手元で作って公開することが出来て、更にそれがクリエイター本人に対する
この上なく有効な侮辱行為となってしまっているため、
現在は多くのクリエイターがこうした行為の対象とされることを怯え、対応を模索せざる
を得ない状態です。過去の作品の公開をすべて取りやめてしまった、という方も少なくあ
りません。
よって、特定の作家を集中学習させるようなものについては、実体としては作風しか持た
ないものであるとしても、それ自体が「著作権者の利益を害するもの」と定め、
明確に除外すべきではないかと考えます。
生成 AI の急激な流行と無秩序な利用により、諸外国においてはこれらを規制する動きが相
次いでいます。
こうした中でなお生成 AI の利用を推し進めるとした場合、特にクリエイター達を守ること
については特に慎重にならなければなりません。
ひとたびクリエイターを軽視するものとなってしまえば、現在日本が明確に強みとする文
化領域においての大幅な衰退を招きかねません。
日本のクリエイター達が今後も安心して活動できる国となるよう、生成 AI に対する慎重な
判断を望みます。|現状では「入力」と「出力」において場合分けをされて知財に関して考えが進められてい
るのですが、
特にイラスト・写真・画像などでは、生成 AI での入力を行われたデータセットは、ただの
引用や研究目的に留まらず、結果として、ほぼ著作者の未承諾のまま使用され、場合によ
って悪用もされています。
確かに研究や AI 技術の促進のためには膨大な数を取り込む必要があり、すべてに承諾を取
るのが難しいとは理解できますが、
入力の時点で規制をきちんとかけていただかないと、簡単に手に入る素晴らしい絵や素晴
らしい写真を悪用する(価格を付けて販売や、SNS による著作者のなりすまし等)人物がいる
状態が、まかり通っているのが現状です。被害も実際に出ている状態です。
取り込み放題⇒出力し放題の現状では、クールジャパンとは言いますが、その根底の技術
を潰す芽になりかねません。
専用の申請を出し、許諾を得る機関は入力も不問であったり、
海外事例が出ましたが、データ提供元と契約の上での使用に規制をするべきです。
絵を描く・写真を撮る人材も、ChatGPT もそうですが文章を作成する人材も、
IT 技術を専門的に学んだ人材と同様に日本の産業を支えています。
AI の悪用を防ぐためにも、入力時点から規制を働かせるべきです。|全体として
クリエーターのマネタイズ、特に出版は年々厳しくなっている。
そのためＡＩで荒らされることにより食えないものや不当な契約を迫られるものが増えて
くることが予想される。
実際中国ではすでに広告やスマホゲームのイラストレーターを解雇する動きが出ている。
小説業界でもＵＺＵなどのスマホゲームメーカーによる不払いが横行している。
文化庁はクリエーターを軽視して我慢させようとしてるだろうが、それではすまないとこ
ろまで来ている。
１．はじめに
２．検討の前提として
（１）従来の著作権法の考え方との整合性について
（２）AI と著作権の関係に関する従来の整理
３．生成 AI の技術的な背景について
（１）生成 AI について
（２）生成 AI に関する新たな技術
（３）AI 開発事業者・AI サービス提供者による技術的な措置について
４．関係者からの様々な懸念の声について
５．各論点について
（１）学習・開発段階
・簡易かつ迅速で低料金な開示請求手段が欲しい
差し止め請求ができても開示が難しければそこで振り落としになる
・また類似性の証明はクリエーター側には難しい
現状の商標や著作権侵害の裁判レベルの挙証責任をクリエーターに負わせるのは難しい
（そもそも相手方資料の開示ができなければ証明できない）
さらに言えば裁判官にＡＩのルーチンやデータベースが理解できるとは思えない
最終的には札束で殴る企業に有利すぎる
・素案では企業対企業ならいいが個人対企業の配慮がなさすぎる。状況を見てじゃない。
すでに絵や文章の窃盗は産業化されている。
クリエーターは金も時間もない。企業も守らない。
実際私の小説が中国の違法サイトにアップロードされたが出版社はクリエーターを守らな
かった。
とにかく簡易かつ迅速で低料金の開示請求が必要
・すでにクリエーターへのＡＩによる嫌がらせは始まっている
（２）生成・利用段階
（３）生成物の著作物性について
・加筆修正の著作生は問題ないと思うが、プロンプトを複雑にすれば著作生を認められる
ところまで拡大されるのはどう考えても不当である。
アプリケーションに例えればプロンプトはただの仕様書であり、現行法でも仕様書だけで
完成品全体の著作権は発生しないはずだ。
案では仕様書だけで全体の著作権を持たせるに等しい。
もちろん完成品を修正すれば問題ない。
アプリケーションのプログラム生成でも最終的には手作業で修正する。
例えばイラストならＰＯＳＥＲなどの外部ツールを使用して構図を作ってからＡＩで肉付
けするなどの操作が必要と思われる。
（４）その他の論点について
６．最後に
・クリエーターに甘えるな。不利益をもたらすなら業界に補助金入れろ。そうじゃなけれ
ば業界全体が破滅する。ＮＰＯや一般社団法人に入れるな。クリエーター個人に補助金出
せ。
・不当な契約を取り締まれ。スマホゲームやマーダーミステリー界隈は酷すぎる。|著作権というよりも景品表示法や別の法律の問題かもしれませんが、
他人の著作物に作風等をわざと似せることで注目を集める手法が一部で流行っています。
AI が出来る前は労力に対してリターンが釣り合わないので問題になってませんが、今後は
こういった手法が流行ってくると思います。これらに対して、何かしらの制限をかけてほ
しいとは思っています。現行法で問題で悪質なケースはしっかり刑事事件となってほしい
と思ってます
・AI を使った著作物も、高度な加工や選別を行うことが多いです。online サービス上で試
作されたものは著作権なしで OK だと思いますが、こういった手間のかかるものに関して、
著作権は作成者にあるのが妥当だと思います。
・学習データに著作物を含めるのは問題ないと思いますが、特定の著作物に似せる目的で
作った学習データを配布する行為は著作権侵害として扱うべきかと思います。
・著作物の類似性を確認する負担が今後増えると思われるので、これらの訴訟や判断を簡
略化するための支援はあってほしいとは思います。|１．はじめに
著作権を侵害するような AI
を作ってしまうのではないかといった懸念の声
↑
既に著作権侵害をする生成 AI が作られています。(生成 AI の 9 割以上)
現状の生成 AI の使われ方は本来、著作権侵害(人権侵害)になりえる行為でも生成ＡＩを通
せば何をしても許されると思い込んだ人たちによる著作権侵害、肖像権の侵害が現状、蔓
延しておりインターネット上がより一層、情報を見極めるのが困難になるだけでなく、ク
リエイターが新しい作品を世に出す機会、気力を奪うことになる為、文化の衰退に繋がる
でしょう。
海外では日本よりも人権を守る意識が高い為、生成ＡＩへの規制を強くかけることになる
ことでしょう。日本だけが規制を緩くかけることは日本の信用を失わせ国益を損なうこと
になる為、一刻も早く生成 AI には規制(マネタイズの禁止、ネット上へのアップロードの禁
止)をかけるべきせす。
３．生成 AI の技術的な背景についてウ 生成 AI が生成物を生成する機序の概略
（１）生成 AI について
ウ 生成 AI が生成物を生成する機序の概略
生成 AI では、入力された指示を情報解析し得られた結果と、その生成 AI が学習し
たパターンやルール、傾向等に基づき、生成物を生成することとなる。この際の生成につ
いては、通常、学習データの切り貼りではないとされる。
↑
現状の生成 AI はプロンプトの指示によっては無断学習されたイラスト、写真がそのまま出
力されることもある為、著作権侵害であり切り貼りそのものです。
●事例 1 X(旧 Twitter)での au × 映画『屋根裏のラジャー』コラボで無断学習 AI を使った
「#私のイマジナリ」で版権キャラクターに酷似したものが出力され問題視された。
●事例 2 X(旧 Twitter)でのスシローの広告「#スシンギュラリティ」では無断学習生成 AI
で出力した画像を広告に使っていましたが、無断学習された作者のサインがそのまま出力
され問題視された。
政府は無断学習生成 AI を国民の血税を使って推進しているようですがその血税の中にはク
リエイターも含まれ、それが意味するのは泥棒に盗まれた被害者が泥棒に生活費を出す地
獄のような有様なので到底、許されるものではありません。
本来の AI、文化の正しい発展を促すのなら Glaze、NightShade のようなクリエイターを
泥棒から守ってくれるものを推進すべきだと思います。
無断学習生成 AI 利用者がイラスト、写真にプロテクトをつけることに「ウイルスを使う
な」などと言っていたりしますが、ウイルスでは無い上にそう言ったプロテクトが影響を
与えるのは無断学習生成 AI のみなので寧ろ健全なインターネット、文化を守ることに繋が
ると考えられ、無断学習生成 AI 利用者の言い分は泥棒が空き巣に入るのに鍵が掛かってい
ると盗みずらいから鍵を掛けるなと言っているようなものです。
ちなみに申し上げますと Glaze は
USENIX セキュリティシンポジウム 優秀論文賞
2023 USENIX インターネットディフェンス賞
シカゴイノベーションアワード受賞
を受賞しています。|＞ （２）AI と著作権の関係に関する従来の整理
＞ 法第 30 条の４の対象となる利用行為
生成 AI の目的は生成物、つまり著作物そのものを生み出すことである。
つまり、学習・開発の目的が最終的に利用者の任意の著作物を生み出すことであることか
ら
「著作物に表現された思想又は感情の享受を目的としない行為」に当たるとはならない。
この解釈を国が認めてしまうのであれば、著作権の侵害などいくらでも無意味にすること
ができる。
（例えばゲーム開発等において不正に入手した他者の著作物のパターンをＡＩに学習させ
て利用するなど）
また上記の補足として、本項では記述上同じ「学習」と呼んでいるようだが、人間の学習
と機械学習は明らかに性質が異なるものである。
数千億、数兆の著作物のデータをすべて「学習」して複写レベルで出力を再現できる人間
などいない。
このように人間とは全く異なる、
「AI による最新の機械学習」を現行の著作権法の自由解釈
で運用しようとすること自体が誤っている。
生成 AI 開発上での著作物の窃盗、侵害行為を認めるための詭弁であり、きちんと法改正を
検討すべきである。
かつて高級果実の苗が無断で海外に持ち出され、我が国の農家が多大な被害を受けた。生
成 AI の学習データ問題はまさにこれと同じ構図である
「果実の種（実）を盗んで育てて出来た果実を販売しても、それは盗んだ実そのものでは
ないから問題ない」
このような加害者の理論は到底理解できるものではなく、合法と認めること自体がおかし
い。
そのような主張は「合法なら人のものを盗んでもよい」ということであり、開発者や利用
者の倫理観の欠如であり、そこから健全な文化が生まれるとは思えない。
にもかかわらず、自国から大量の著作物が盗まれた事実を許そうという文化庁の動きは理
解できない。
よって著作者の許諾を受けずにデータ収集を行えるようにすること自体、意見としては認
められない。
きちんと著作者の権利と著作物を守っていただきたい。|１．はじめに
２．検討の前提として
（１）従来の著作権法の考え方との整合性について
ア:著作性は作者の存在意義がとれだけ問われるかによると思いますが、創作などの世
界では白紙から創り上げた者に賛美と価値が与えられます。投稿者のさじ加減で実力を大
きく欺ける AI に著作性が出ることは少なくとも創作の世界ではあってはならないと思いま
す。
（２）AI と著作権の関係に関する従来の整理
３．生成 AI の技術的な背景について
（１）生成 AI について
ア：創作の世界での AI の使用は現在の殆どが詐欺や実力（手描きかなど）の詐称に使
われています。一般の人間が判別を付けられず、詐称している人間にインプレッション数
や直接的に金銭を落としてしまっている状態です。
イ：そもそもが創作の世界で AI が存在してしまうと作品を投稿した本人自体の存在が
必要のない状態になると思います。どこまでが投稿者の実力で、投稿者の存在価値がある
のかは投稿物を見る一般の人間からは判別が付きません。
（２）生成 AI に関する新たな技術
ア：AI の技術は過去より話題に取り上げられるものでは自動車、医療などで人の命を
救うための開発に重宝されてきました。AI は詐称するための存在ではなく、命を救う存在
であってほしいと思います。
（３）AI 開発事業者・AI サービス提供者による技術的な措置について
ア：創作の世界での実力の詐称が蔓延っている今を打開するためには生成 AI の学習デ
ータの全削除は絶対にしなければなりません。
イ：画像生成など詐欺と紙一重のものは生成物は生成物と一目でわかるようにしなけ
ればなりません。
４．関係者からの様々な懸念の声について
ア：無断学習で AI 開発者や利用者などの詐称によって、データ収集元の作者へ入るはず
だった利益がそちらへ流れてしまい、努力や時間がタダで悪用されています。
イ：創作のクオリティもピンキリが必ずありますがそれらは、どのクオリティの作品に
もファンが付いて作者の存在意義と価値が付きます。その健全な良心を根こそぎ持ってい
き、金銭に変える行為は許されてはなりません。
５．各論点について
（１）学習・開発段階
ア：無断学習はこれからも続くのは残念ながら明白ですが、AI で消すのが難しい生成
物かどうかの視認性を付けるなど、ここは厳しくしていただきたい。
（２）生成・利用段階
ア:生成されるものは必ず生成物と分かるようにしなければならないといけません。最
終的には金銭のやりとりが発生するのは明白なので、影響を与える業種を生業としている
人間の価値が下がることはあってはなりません。
（３）生成物の著作物性について
ア：イラストなど AI が線や色を描画した時点で投稿者の存在意義が疑われると思いま
す。それに著作性が認められるのは生成物を見た人間が不本意に騙されたときです。
（４）その他の論点について
６．最後に
根底に相手を騙してまで数字を獲る心理が働かないものでの AI の技術の進歩は尊重した
いと思います。
創作の世界に AI は要らない。存在してはならない。これだけは言えます。|画像・文章・音声の生成 AI は現状、創作者の著作権や肖像権を無視、軽視した使われ方が
横行しており早急な法整備を求められています。
災害時における偽情報も巧妙になっており迅速な情報伝達が阻害され国民の混乱を助長し
ていました。
アレルギー成分表や成人向けコンテンツにつく「R18」のように、生成されたものには「生
成 AI を使用」を表すモノを義務付ける等を国の方から提示していただかないと混乱を招く
一方で、ゆくゆくは国際問題にまで発展してもおかしくない状況です。
また、AI 学習と称した「技術の窃盗」も散見されます。
目に見えないもののクリエイターも強盗に遭っている状態です。
上記のように「AI 学習用素材」
「AI 学習可」の表記義務付ける(それ以外は不可)のが望まし
いと考えます。
技術が正しく使われるよう懸命な法整備、判断を切望します。|AI は禁止されるべきです。
当方、趣味で絵を描いております。高校は美術科の学校を卒業しました。
まず絵を描くためにはたくさんの時間を費やして基礎を学んできました。
一枚の絵を描くためにはデジタルでも長いもので数週間以上かかります。
ですがその一枚を描く前にも何枚も試行錯誤して得た経験である下地が生きているからで
す。
AI は同意なく勝手にその絵を盗み、取り込みの材料にします。
そして一部の心無い人間は長い時間かけて労力を注ぎ込んだ絵を材料として無断で取り込
んだ挙句にお前の描いた絵はもう取り込んだからいらねーよ搾りかすと言葉を投げかけら
れたり、他人から盗んだ労力を集めて一瞬で生成されるためクリエイターにとっての脅威
になります。
実際美大生が失望のため自殺未遂を図った例なども聞きます。
それほどまでにモラルのない AI 使用者が多いのもまた問題性が高いです。
また、ベースとなっている画像のなかには児童ポルノが含まれている可能性が強く含まれ、
使用次第では第三者の顔をしたポルノの出力ができてしまうことの懸念や元となった児童
の写真が再現できてしまう危険性があります。
岸田総理のディープフェイクの精巧版のようなものが盗撮した、された人で作られて AV 化
などされる可能性など危険な利用がいくらでも懸念されます。
また、それらを見て触発されて性的加害をしてしまう第三者や、いじめなどの材料になる
可能性は強く懸念されます。
自分の子供がそういったイジメなどに会うことなども考えると到底容認できません。実際
に今 AI イラストを使って嫌がらせする例をしばしば見かけます。
政府公認となれば更に使用者は増え被害も拡大すると思います。
カメラの出現と同じくツールとして便利なものと同一視する人もいますが
カメラの出現のためにピカソは超精密な画をやめてキュビズムと方針転換を余儀なくされ
ました。
クリエイターの観点からしても受容する立場としても非常に危険性の強いものであるため
政府公認として普及すべきではありません。
クリエイターにとっては特に仕事を剥奪されるためです。
政府公認ですすめるのであれば医療現場での活用を目指して下さい。
CT やレントゲン像をたくさん取り込んで腫瘍などの早期発見などのアシストサポートな
どにつながると思います。（判断は必ず医師で）|まず初めに、
本当にこの国の創作物表現物及び創作に携わり、日々多様で見るも聞くも素晴らしいコン
テンツを提供していただいている方々に対して理解はあるのか、いや、無いのだろうなと
感じる。
我が国日本で活動するあまねく著作者に対してあまりにも愛がなく、醜悪で、一方(AI 認可
側)に偏った文面であると断言せざるを得ない内容であり、大変遺憾である。
では次に各文面に対しての意見に移らせていただく。まずは AI と著作権に関する考え方に
ついて(素案)の内容からである。
2.検討の前提として
より
(１)ア に関して
これらの文面は明らかに都合のいい解釈をしたいだけだと認識せざるおえない稚拙な内容
である。
何故ならば、恐らくこの文面では
「誰かが書いて、X(旧 Twitter)や pixiv 等のサイトに投稿しただけの物では、思想もなく美
術的概念にも帰属しない。」
というあまりにも敬意のない事をおっしゃろうとしているのだと思うがそれは全く違う。
例えその絵が下手だろうが事実を元にした物であろうが小学生が書いたもであっても、そ
れらは全て作者がまだ頭の中にしか無いものを皆が触れやすく楽しめるようにと、喜んで
もらえるようにと心を込め、アイデアを込めて出力してくれた素晴らしい結果である。
これらには著作権法的に著作物と認められている事実があり、その者のオリジナリティが
多分に含まれている。
そして、主に二次創作と言われるものに関してはあれらは原作の作者が、「数多の人が楽し
んでくれるなら」と容認しているものであり、
AI の「元の絵を複数入力、学習させ似たような絵を出力させる」
という行為は明らかに他者のオリジナリティやアイデア、創作意欲等を侵害する行為であ
り、尚且つ各創作者がこれを認めていないのであれば、二次創作と AI 出力は全く異なるも
のであり許されるべきものでは無いと考える。
イ
に関して
まず支分権の説明を出し、それらに該当しないことを示しているようだが、この文だけ見
ても都合のいい伝え方しかしておらずこれまた稚拙であるとしか言いようが無い文である。
そもそも、著作物を個人利用目的でダウンロードする所までで収まっていないから AI につ
いてこれだけ議論、反対されている事を全く理解していない。
ダウンロードした絵を AI に読み込ませ学習させ似たような絵を出力、商用利用している時
点で支分権における複製権、頒布権、譲渡権、翻案権を侵害している事となるためこの項
番は全く意味の無いものとなる。
この主張文は文科省著作権科の信用低下やこれに対しての国民からの敵対心の増加等が考
えられるものであり、もう少し考えて発行した方が良いのではとも感じた。
ウ
に関しても同じである。
ここでは恐らくだが主に
「著作物に表現された思想または感情の享受を目的としない利用や、電子計算機による情
報処理及びその結果の提供に付随する軽微利用」
を根拠として現在の AI 利用は規定に基づいていると言いたげではあるが、全くのお門違い、
前述している通り創作者らへの敬意が全く無く幼稚で都合のいい解釈である。
何故ならば、そもそも現在問題視されている AI の利用の仕方に関してこれらは全く当ては
まっていないからである。
本当に
「著作物に表現された思想または感情の享受を目的としない利用」
であるならば良いのかもしれないが、全く違う。ほとんどの AI 出力をしている人間はさも
AI 出力ではなく自分で書いた絵であると公表していたり、AI 出力であるとバレれば開き直
り、他者の絵を学習、コピーした結果のものを「これらは私達なりの表現方法です！」
と御託を言い正当化しようとしたり、挙句の果てにはそれらで金銭的な報酬さえ受け取ろ
うとする者も存在する。
上述した利用方法は「著作物に表現された思想または感情の享受を目的としない利用」
と言えるだろうか？言えないはずである。
次に「電子計算機による情報処理及びその結果の提供に付随する軽微利用」
に関してだが、これは本気で言っているのかと目を疑った内容である。
先程述べた内容をもう一度ピックアップするが、金銭的報酬を得ようとする事は軽微利用
に当たるのか
AI をただの電子計算機と表現する事は適切であるか？
情報処理及びその結果の提供に関してだが AI 出力はその枠に収まらず明らかな盗作行為で
あり、それに該当する事案も多数見受けられる。
その他の内容についても言いたいことはあるが、文字数制限もあるためここで終わらせて
頂く。
しかしこの文書の前段から完全に否定出来ていることからその後の内容にも全く正当性が
ないものと扱うことが出来、明らかに日本の著作文化を侵害し、発展の望めない利用方法
が広く利用されているため、「現在の盗作まがいの AI 利用」については断固として認めて
いいものでは無いと意見する。|１．はじめに
字を添削する程度ならまだしも、生成 AI の利用を中心としている人はもはやクリエイタ
ーとは言いたくないです。
既に生成 AI の学習元として無許可で使われているコンテンツはかなり多いと思います。
２．検討の前提として
（２）AI と著作権の関係に関する従来の整理
アの文章を読むと、既存の著作物やこれから生み出される著作物が無断で利用されるの
はしょうがないと読めてしまいます。全然しょうがなくないです。
３．生成 AI の技術的な背景について
（１）生成 AI について
どうして学習データの切り貼りでないとされるんですか？学習データをそのまま切って
貼るって意味で言ってますか？もしそうだとしたら全然問題を理解できてないと思います。
学習データを情報化してそれの一部一部から作っているのであれば、十分情報を切ってそ
のまま組み立て直しているように思います。
（３）AI 開発事業者・AI サービス提供者による技術的な措置について
そもそも無許可で学習元として利用しているのが間違っているのでは？AI の学習元デー
タは全て開示し、権利者が自身で確認できるようにすべきであると思います。
最後に私的な意見ですが、生成 AI の技術発展自体は素晴らしいものだと思っています。
しかし、それぞれの AI 開発者が他者の著作物を勝手に学習データとして使っている上に、
その学習データを把握できないというのが一番の問題点ではないかと思います。全ての AI
開発者は、全ての学習データを開示し、著者名検索等で確認できるようにすべきと私は考
えます。
学習データの著者名すら把握せずにただただ利用するというのは、自らの創作に対して
懸命に努力しているクリエイターたちに対してひどく侮辱的であると私は思うからです。
賢明な判断がなされることを祈ります。|とっとと著作権を解さない野蛮な非文明人を焼き払えという穏当な意見すらどっちにとら
れるのやら。
我々クリエイターは基本的に政治意見を能動的に発したりはしない。なぜなら時間の無駄
だからだ。
そういった意味でこのような意見募集はそれ自体がクリエイターではなく政治的立ち位置
を持つ層で構成されることが予期される。
だから既に過激派同士のポジショントークで埋め尽くされているのだろう。
故に最大多数を占めるクリエイター及びファンコミュニティの意見は極めて反映されづら
い。
この点をまず指摘しなければ議論を始めることすら出来ない。
今回著作権法を意見するにあたり外国パブリシティの状況を把握し、国内著作権関連法案
の制定経緯から改定に係る各種の情勢と構造を精読し、最新技術トレンドから発生した生
成 AI の技術的制約や現時点での立ち位置、ユースケースから今後の発展ロードマップまで、
たったこれだけのことすら調べようともせず理性をどこかに置いてきた挙げ句誰かの感情
を燃料に自分を燃やす愚者の群れが一体どれほどを占めるか考えたくもない。
がしかし直視したくない現実というものはいつでも社会に存在するため、そこそこ文量を
割いて指摘する他ない。なんて無益。
さて、クリエイターとしての意見ではたった 1 つ、今すぐに著作権という枠組みそのもの
を破却し完全自由なクリエイティブ環境を構築せよという他ない。
そもそもクリエイターの努力にフリーライドするのはいつだって大体が公的機関である。
何１つとして個人のクリエイティビティに寄与しない税金という存在が一体何の役に立つ
のやら。
まあそんなこと当の公的機関に言われても困るというのは同意しよう。
AI とはあくまで自然人としての権利便益を持つべきではなく、ツールとしての役割に終止
すべきである。
人のためのツールであり、天然果実や法定果実を人にもたらすための存在である。
故にこそ AI を利用して作成された全ての著作物の権利が利用者に帰属すべきであり、AI
そのものを開発するならばそれもまた著作物、あるいは無形資産としての性質を保持する。
全ての著作権侵害は利用者に帰属すべきであり、全ての AI 作品はトリガーを弾いたものの
所有に帰属すべきである。
この点について写真と絵画の枠組みの違いを誰もが理解すべきである。
主に街並みの所有者は写真という作品の著作権者ではないが、だからといって創作性を否
定されるべきではない。
しかし、その写真が肖像権者の権利を侵害しているとき、当然著作権者は権利の侵害を問
われる。
絵画ではなかなか難しい。
もちろん、肖像権者を描くことはあるが、大抵はモデルとしての許諾を得ているからであ
る。
それは制作時間の差であり、天然人による模造は天然人による観察を伴うという前提があ
る。
ここで重要なのは、AI とは天然人により学習を宿命付けられた人工物であるという点に尽
きる。
本来、内心の自由を人権として所有する天然人では問題にならない AI の内心を問題として
いるのである。
さて、AI の内心とはつまり学習素材であろう。
AI の持つべき内心を問われているともいえる。
AI による模造は確かに、素材の学習ありきである。
例えば人間を生成するには人間の素材が必要だ。
そして、現在問題にしようとしているのは天然人には自分という素材があるが AI には自分
という素材がない点にある。
例えば、天然人の誰もが子供時代を学習している。
それは児童ポルノ禁止法に基づく児童ポルノそのものである自身の裸体を含むわけだ。
しかし、AI にその児童ポルノとなる素材の使用を禁止したらどうなるか。
AI はこと児童ポルノ（ライクな非実態描写物）の生成において天然人に優越しない。
これが結論となる。
AI によって生成される全く被害者の存在しない児童描写は、必ず被害者の存在需要が絶え
ない現実世界への競争力を失うのである。
この時、現実世界で児童ポルノの生成に従事する天然人は極めて大きな利益を得ることに
なるだろう。
同様のことが現実世界におけるクリエイターにも言える。
AI の現実世界での競争力を削ぐということは、現実世界で利益を得る全てのクリエイター
にとって利益を得る。
しかし、その労力、時間、リソースは全く減らない。
そして我が国の人口動態を鑑みれば、そんな可処分労力は無い。
彼らは言うだろう。
『クリーンな AI』と。
誰がそのクリーンさと権利関係を整理してライブラリを整備するのかと。
答えはそう、誰もやらない。
何より、AI の競争力を削ぐ事ができるのは現時点で国内領域に限られ、そもそも素材とな
るレガシーの少ない国ほどその利益を享受できる事にほかならない。
結論として、著作権はクリエイターの利益にならないのだから今すぐ廃止して別の枠を作
るべきだ。|・AI イラストを出力するにあたり使用しているアプリケーションは、作者に許可を得ず無
断使用している莫大な数のイラストだが、それを理解しながら AI イラストを出力するのは
著作権侵害ではないのか。
・無断使用されているイラストを元に AI イラストを出力しているにも関わらず、AI イラ
ストは他者のイラストを切り貼りしていない。と断言できる理由と根拠は何処にあります
でしょうか。|補償について
生成 AI に学習データに使われた場合にお金が支払われるのが、メディアやプラットフォー
マー、著名なアーティストなどの資本力があり訴訟ができる者に実質的に限られている。
生成 AI の学習対象となった多くのデータはむしろ名もなき一般人のインターネット上への
投稿などによるものが大きいと考える。
一方で、現在生成 AI 開発者から補償がされるのは、声が大きく訴訟ができる資本力を持っ
たものに限られてしまっている。
本当に生成 AI の学習データの発展に貢献している名もなき一般人は何も補償されなくてよ
いのか。|AI による画像や音声の無断利用で公人の顔や声が勝手に使われ虚偽の情報操作に使われて
いるのに危機感を感じています
イラストを自分の職として成立させている方の作品が無断で利用され、知らない人が見た
ら本人かと思われるような似た画風で
・悩んでいる人に向けて自殺を促すかのような作品
・残虐な作品
・R18 作品
などに使われているのを実際に見ました
AI による模倣なのに本人がそのような作品を作ったと誤解され、契約を打ち切られる事態
に発展したというご本人からの SNS やブログでの発信も複数人見ました
無断で学習に使われたイラストレーター側が弁護士を雇い、AI による無断学習側と戦うま
でになってる方もいます
今 AI 作品は無法地帯です
法が整備されていないのを良いことに金稼ぎ、一時の注目集め、嫌がらせ、そんなものの
ために使われています
イラストレーターや声優、俳優など、日本が世界に誇る文化を担っている無二の才能が AI
無断学習に使われ悪用されている現状にとても納得できません
人が長い間かけて築き上げたものは正当に評価され、尊重され、守られるべきだと思いま
す
また、一般人であっても自分や家族の顔や声が無断で使われ何かに悪用されるかもしれな
い恐れがあります
・海外では詐欺グループが子供の声を AI 学習させ親に詐欺電話をかけた事件
・学校の同級生に顔を AI に取り込まれポルノにコラージュされた女性の事件
が既にあることはご承知だと思います
このままでは日本も遅かれ早かれ絶対にそうなります
一刻も早い法の整備を求めます|私もクリエイターの端くれとして、生成 AI によって生じる問題点については凡そ理解して
います。
・CSAM 等を含む違法なデータセットの利用
・著作権問題
・生成 AI ユーザーの倫理観の欠如
・何故か生成 AI と一番近い現場で働いているクリエイターの声を取り入れようとせず、著
作権問題を無視して何とか生成 AI 事業を推進したいという思惑が丸見えな政府に対する不
信感
等々
問題点の枚挙にいとまがない生成 AI ですが、今回はたくさんの方々からの声が寄せられる
と思いますので、敢えて主要な問題を外してとある一点にのみ絞って述べたいと思います。
＞４．関係者からの様々な懸念の声について
＞＜AI 開発者・AI サービス提供者等の事業者の懸念＞
＞利用者が悪意をもって生成 AI を利用した場合に、AI 開発者やサービス提供者として著
作権侵害の責任を負うことになるのではないか
とありますが、著作権侵害のみならず生成 AI によって起きた全ての被害の法的責任を開発
者・提供者・ユーザーの全員が負うべきです。
なぜなら現状の生成 AI は悪用以外の用途がないからです。
ゆえに悪事に携わったすべての人間が責任を取るべきと考えます。
それができないのであれば生成 AI の使用を一部の限定的なものへと規制すべきです。
現在、悪意を持った生成 AI ユーザーによって、著作権のみならず自身の身体や精神を危険
に侵されているクリエイターが幾人も存在します。
は LoRA（集中学習モデル）を作られ絵柄を模倣されま
した。
児童書のお仕事もしている
の絵柄で R-18 イラストの量産がされたり、Skeb では
AI イラストが禁止されているにもかかわらず「
の絵柄で Skeb で稼ごう」などという
Note 記事も拡散されました。
はそれに対して SNS で声をあげてから連日休む間もなく生成 AI ユーザーによっ
て攻撃を受けています。
包丁の写真が添付された殺害予告メールを送り、それを「自作自演だ」などと宣い、粘着
し、罵声を浴びせ、果てには日々の誹謗中傷により消耗した
に対して「統合失調
症」「精神病棟に隔離すべき」などと心無い言葉を投げかける。
の絵柄で”首を吊っているキャラクター”のイラストを生成し自身のプロフィール
画像に設定。これ見よがしに活動し、
本人に捕捉された途端「数万フォロワーの
人に嫌がらせされてこわい」「ファンネル扇動（※信者に攻撃させること）するな」などと
泣き喚く。自分たちは平気で他人を攻撃する癖に、反撃された途端に被害者ぶり、それら
の悪行をたしなめようとする者すら現れない。
以上が生成 AI ユーザー・生成 AI 推進派の嫌がらせです。一目で分かるように彼らにはモ
ラルというものが存在しません。
これらは「絵柄には著作権がない」という主張の元行われた、彼ら曰「合法」な行為だそ
うです。違法ではないから罪には問われず、違法ではないから裁かれることもない。違法
ではないから相手が死のうが自分には関係ない。
は上記の嫌がらせにより精神を消耗し、現在は通院をしながら薬に頼って何とか
命を繋いでいる状態です。
同じような嫌がらせを受けて自ら命を絶った（死を仄めかした後に安否確認の取れなくな
った）方が、私の知るクリエイターの中だけでも他に２名います。
何の技術も実績も持たない素人が違法ではない""ことを免罪符に気軽に嫌がらせに利用でき、
""違法ではない""から犯罪として取り締まることもできず、やりたい放題。リスクを冒さず他
人を攻撃したい卑怯者にとってこれ以上なく都合の良いツール、というのが現状の生成 AI
です。
「顔肖像と声には著作権が認められるが絵柄には認められない」などと喧伝している生成
AI 推進派の弁護士の先生もいらっしゃるようですが、果たしてそれでいいのでしょうか。
絵柄、ひいては創作物に対する著作権の意識をもっと強めなければ
のような被害
者は今後増える一方です。
人が悪意を持ってこの技術使って結果死人が出たとしても「生成 AI に問題は無い」などと
言えるのでしょうか。本当に「著作権だけ」などと言えるのでしょうか。
生成 AI とは本当に""誰にでも扱える""ことが許される技術なのでしょうか。
新技術で日本を世界一に？と夢を見るのは勝手ですが現状をしっかり直視してください。
前提として著作物を違法に学習しないと成り立たない技術なのだから、それを活用しよう
という発想がそもそもの間違いであると理解してください。
漫画村はダメ。映画泥棒もダメ。でも生成 AI は OK。などという戯言が通じるなどとは思
わないでください。
あなた方が何とかして著作権をちょろまかそうと必死に言い訳を考えている間にも生成 AI
による被害者は増えています。|生成物の著作物性についての考え方(34~36 頁)
生成 AI に対する指示の具体性と AI 生成物の著作物性の関係について(35 頁~36 頁)
「生成 AI に対する指示が表現に至らないアイデアにとどまるような場合には、当該 AI 生
成 物に著作物性は認められないと考えられるが、単なる労力にとどまらず、創作的寄与と
なり得るものがある場合は、これがどの程度積み重なっているか等を総合的に考慮して 判
断されるものと考えられる。
また、人間が、AI 生成物に、創作的表現といえる加筆・修正を加えた部分については、通
常、著作物性が認められると考えられる。」
上記の項目に対して、意見を送ります。
現在、特定の人物の著作物に寄せた AI 生成物を故意に、悪意を持って作り出している人が
多数見受けられます。
昨年では、特定のイラストレーターの絵柄を AI に学習させ、性的な描写を含む二次創作が
禁止されているコンテンツの性的なイラストを生成し、イラストレーターへ冤罪・風評被
害が及ぶという実害が出ています。
このような特定の人物の著作物に近づけた（周りから見てもその人が描いたと誤認される
ような）生成物に、加筆修正を加えただけで著作物性を認めてしまうことは、学習元デー
タに含まれるの多くの著作物の権利を侵害することを法律で認めることになるのではない
でしょうか。
著作権は、意味を成すのでしょうか。
また、学習データの中には、違法にアップロードされた著作物や、児童ポルノなどが含ま
れており、それらが出力される可能性があることについては、懸念されていないのでしょ
うか。
学習データに含まれるものは他人の著作物や倫理的に問題のあるものだと分かりきってい
ることにも関わらず、利用者が「気付かなかった」とすれば、無罪放免になってしまうの
でしょうか。
多くのクリエイターが実害を被っています。推進派、反対派問わず殺害予告など、問題に
も発展しています。生成物を使用したデマも多く広がっています。
なぜ Nightshade というツールが生まれたのか、今一度考えていただきたいです。
日本のクリエイターを守り、文化を存続するのであれば、生成 AI は正しく規制するべきで
す。
然るべき対応を、よろしくお願いいたします。|生成データは切り貼りではない、とされていますがそんな事はありません。様々な学習デ
ータと似通った物も当然生成されますし、企業のコピーライトが入ったようなものも生成
されます。AI が文字を文字ではなくそういう形の記号のように捉えているのでそういうも
のが出ます。
また、生成 AI の問題はイラスト等にとどまらず写真等でも問題がでます。家族写真や恋人
との写真を無断で学習され、それと似通った、またコラージュされたような物も生成出来
てしまいます。さらに写真のような未成年ポルノやディープフェイクの画像等も現時点で
さえ生成可能なのです。
昨今ニュース番組等でも SNS 等の投稿を引用してニュースを伝えることもあると思います
が、そちらでディープフェイク画像が利用されたりしたら大変なことになります。今まで
の所謂コラージュと違い、こちらの方が精巧なだけに名誉棄損等も加速する可能性もあり
ます。
これらにより生成 AI により著作権侵害だけでなく様々な犯罪が横行する懸念があるので、
生成 AI 自体を禁じてしまう方がいいかと思われます。|まず、著作権 30 状の４に関して、現行ではクリエイターが一方的に搾取されてしまう構造
であることを指摘します。
現状で生成ＡＩの著作物の複製技術は高度なものになっており、学習元の画像と明らかに
類似した生成物が出力され、見分けがつかないレベルまで来ています。
「当該著作物に表現された思想又は感情を自ら享受し又は他人に享受させることを目的と
しない場合には、その必要と認められる限度において、いずれの方法によるかを問わず、
利用することができる。
」
とありながら、生成 AI により故意的に無許可で著作物を学習させ、明らかに類似性のある
生成物を公開、金銭の授受を行い、クリエイターに不利益が生じている現状が見受けられ
ます。
生成物が明らかに類似性を持っていることを自覚しながら、それを問われないことに疑問
を抱きます。
無差別な学習、無断学習により、著作者が望まない形で類似した生成物が SＮＳ等を介して
拡散されることで、風評被害や著作者の信用の低下にもつながりうる事例を確認していま
す。
無差別、無許可での学習により個人の肖像や音声を利用したフェイクが生成されることも
考えられ、犯罪や国際問題に発展する危険もあります。
また、生成 AＩの学習データセットに関して、本来研究目的として許容されていたものが、
商用利用されている点も指摘します。
データセット内に無断転載や医療現場の記録画像、児童ポルノ、無断で複製された書籍な
ど違法なデータも含むという報告もされており、AＩ使用者が意図しない形で権利を侵害し
ている可能性があることも問題だと考えます。
そういった違法なデータと、無許可で収集されたデータを使用して発展する AＩ技術が普及
していけば、犯罪や権利侵害が常に横行する可能性もあり得ます。
AＩを開発、使用、学習される著作者すべての信用の低下につながり AＩの恩恵は受けられ
ないと考えます。
一方的な搾取で発展させず、すべての人が納得し安全に利用できる AI 技術の開発をすべき
です。
・無断転載や違法なデータセットの使用の規制。
・無断学習ではなく許可を得た著作物の使用。
・データを提供した著作者や権利者への対価の支払い。
こういった点に留意した規制や法の確立を望みます。|個人
・該当の項目
（１）従来の著作権法の考え方との整合性について
（２）AI と著作権の関係に関する従来の整理
４．関係者からの様々な懸念の声について
「絵柄とは個人の専売特許であり、意図的に模倣し商業活動することは商業的価値を侵害
する行為である。よって、生成物は海賊版にあたるので生成 AI の利用はやめるべきである。」
「イラスト、小説、映像など各クリエイターは、有料の素材やモデルを購入し制作をして
いる。制作には様々な費用がかかっている。しかし、生成 AI は、クリエイターがお金と時
間と労力と人生をかけて創り上げた作品を、無断、無料で学習し模倣しているにすぎない。
また、現在、クリエイターは生成 AI への学習を拒否、阻害、禁止、著作権の侵害を訴える
手段がない。クリエイターとその作品が保護されない状態にある。そのような状態の中、
生成 AI で作られた作品は著作権を侵害していないとは言えない。侵害していると言い切れ
る。
生成 AI により作られた作品は、現状、クリエイターの著作権や商業活動を侵害しているた
め、生成 AI の作品の著作権は認められないと考える。」
「クリエイターに限らず、SNS やブログ等に投稿された写真を、無断で生成 AI に学習し利
用するすることは著作権及び、肖像権の侵害に当たると考える。生成 AI が、許可なくそれ
らのデータを学習することを禁止するべきである。
また、その生成 AI により作られたフェイク画像や映像により性的、脅迫、中傷、成りすま
し等の被害を受けることが危惧される。実際に、国内では現総理大臣のフェイク動画が作
成され、自然災害時のフェイク画像や動画が広く拡散され、世間に大きな影響を与えた。
国や政治家など大きな影響力を持つ対象であれば、速やかに対処、逮捕される状況にある
が、個人ではそうはいかない状況にある。最悪の場合、死者がでたり、大きな事件が発生
することも考えられる。
」|生成 AI に学習させることがまず出力を前提とした行為だと思うし、学習させる全ての著作
物には創作者の意思や思想、著作権があるはず。そもそもそれらを勝手に使われて別物と
して出力されることを是とする創作者は極々稀だと思う。
昨今の生成 AI がやっていることや利用されている場面は窃盗や転売に等しいものがほとん
どだと思う。まずは人が生成したものを保護することから始めるべきではないか。その上
で AI の学習に使われても良いと言う作品を AI の学習に使う(当然報酬や提供元の表記はあ
るものとして)べきだと思う。生成 AI の台頭によって人の創作が淘汰されるのは本末転倒で
はないか。AI の前に人力を守るべきである。
創造に敬意を持つべきだと思う。全ての創作物はその創作者のものであり、誰もが好き勝
手に使って良い「素材」ではない。AI の学習に使うことも含めてだ。声も文字も線も言葉
選び言い回し塗り方描き方息継ぎのタイミング、全てが人によって違う。良さであり人を
選ぶものであり、その人たらしめるものだ。それを機械に統合し、使い分け、当人の意思
や選択とは違う「その人のものによく似たその人が創らないもの」を第三者が勝手に生み
出しそれで利益を得るのは冒涜ではないか。
創作や文化に対する理解を深めていただきたい。寄り添っていただきたい。今現在の創作
物とは人間の手になるものがありきである。AI は人の創ったものを学習し出力しているだ
けである。その技術すらまた人の創ったものである。まずは AI 側よりも人の側に立ってい
ただきたい。|AI による画像の出力は創作物とは呼べないと思います。
ある作家の画風、個性を学習しそれを二次的に混ぜ合わせて生産したものは、作家が時間
を掛けて培った能力と発想の搾取です。
一時的には安価で素早く「類似品」を作成できるかもしれませんが、そこからの発展は見
込めません。
日本が誇るアニメーションやキャラクターの色や細部を変えただけの「海賊版」を全て許
容して、本来日本が得られるはずであった対価を対外に搾取されるのと同等であると考え
ます。
AI の積極的利用を許容し、どのような制作物においてもほぼ完ぺきな類似でない限り著作
権侵害には当たらないとすれば、確実に商売が立ち行かなくなり、筆を折るクリエイター
が多数出ます。
それは日本の誇る「クールジャパン」の先細りを決定付けるのではないでしょうか。
AI の利用と著作権の関連に関してはより厳密に、詳細に、注意深く判断すべきと考えます。|自分は普段から、好きなイラストレーターさんの作品を見ています。イラスト集や漫画も
購入しますし、創作物以外にも漫画やドラマ、ゲームなどの二次創作のイラスト等も閲覧
しています。
日頃応援している創作者の方々の絵が、彼らの手を離れて意図しない形で加工されるのは
とても心苦しいです。何より、イラストが無断で AI 学習に利用されたことで彼らが精神的
に苦しんでいる状況が歯痒くて仕方ありません。実際に被害に遭われている方の X(旧
Twitter)のポストの URL を記載するので、ご一読頂けるととても嬉しいです。
イラストレーターの
のポストより
他人が努力して身につけた画力、それまでに要した時間にタダ乗りし、AI に出力するだけ
で「絵師」を名乗る人間とイラストレーターが果たして同じ「絵師」と言えるかは甚だ疑
問です。
AI に関する法規制が無いまま他人の成果物を悪用する人間が蔓延れば、文化的に重要な役
割を担うイラストレーターの減少に著しく関わりかねません。
どうか AI 学習による盗作への法規制を敷いて下さることを切に願います。|著作権で保護される思想又は感情を創作的に表現したものであって、文芸、学術、美術又
は音楽の範囲に属するものである。創作物は一朝一夕につくられるものではなく、形にす
るまでにそれなりの時間を要するものであり、それらが人工知能に学習され僅かな時間で
生成されてしまうのは個人の努力を掠めとる行為であると考える。
そのため、人工知能の使用を安易に許可してしまうことは全ての創作活動を行う者の創作
物、創作者の意欲を著しく削ぐことであり、日本の創作産業を衰退させることに繋がるの
ではないか。|AI は不特定多数の人間の作った著作物を許諾なく媒介し、継ぎ接ぎに組み合わせたものに
過ぎません。
不特定多数の著作物を学習させた AI の使用を、公的に認めることは公にクリエイターの著
作権や著作者人格権、制作の必要性を侵害することを許すことに他ならず、これは絶対に
認められることではありません。
自らの著作物を AI 学習に使用されることを望まないクリエイターが多いなか、法的に罰せ
られないから（記載されていないから）目を瞑るしかないというのが現状だと感じていま
す。
断固として AI の使用を廃止すべきです。
不特定多数の著作物を学習させた AI の使用は、人道的に認められません。
自分の人生をかけて制作した作品と、他者の作品が AI によって学習とは名ばかりにパッチ
ワークのように組み合わされたものを作られ、それがフリー素材にされたり、自殺教唆す
るようなアカウントのアイコンにされたり、テロリストのポスターに使われたりしたらと
いうことを想像すると、誠に遺憾です。
そしてそのような使い方をされているクリエイターが、世の中には既に存在しています。
学習素材になることを望まない人々の著作物が、AI に使用もしくは学習されないように禁
止すべきです。
それでも水面下で AI を使用する一部の人間はいるとは思いますが、広くその違法性が認識
されることにより、今のように大手を振って、あたかも自らの作品であるなどと歌い公に
するなどという蛮行が許されないようにしてください。
多くのクリエイターが、著作者人格権を侵害されています。|現在、漫画を仕事としております。以前生成 AI 用に取得された画像一覧の中に自分の作品
を見つけ唖然としました。勿論無許可で全く知らないことです。
AI が「学習」するための情報（データ）収集といっても、生成 AI を利用し制作されたイ
ラストが、模倣ですらないコピーペースト＝盗作としかいえないものも流布していますし、
写真もフェイクニュースに使われているものも多く見られます。
このまま何の規制も基準もない状態で、生成 AI もの（私にとってはイラスト）が「アート」
のふりをして「簡単に稼げる道具」になっていくのは、文化や技術の毀損になると危惧し
ます。すでに海外では規制の方向にむいているということです。日本はクールジャパンと
いいつつ、マンガアニメ制作現場を蔑ろにしていると思います。きちんとした法整備をお
願いします。|AI を活用した創作について。クリエイターと AI を活用する者、双方にとって有益となる
よう法整備を進めることが前提だと考える。SNS において感情的な発言や、無益な争いが
散見される。クリエイターが創作に注力すべき時間を、無益な論争に使うべきではないと
考える。以下、私の意見を箇条書きで記載する。
・AI の学習に用いるデータについて、著作者の許諾を得ること。
・AI で生成された画像等を公にする場合は、AI で生成されたことを明記すること。
・特定のクリエイター（イラストレーター）の絵柄を模倣し、商用利用する場合はクリエ
イターの許諾を得ること。また、クリエイターの意に反して公序良俗を乱す画像生成を行
わないこと。
・特定のクリエイターへの嫌がらせ目的、絵柄に便乗した商用利用など、悪意をもって AI
を活用する者に対して、AI で生成した画像等の公開差し止め、損害が発生した場合は賠償
請求が行えるようにすること。
・AI と著作権のあり方について時代や技術の変化にあわせて、今後も議論や法整備をすす
めていくこと。|AI 学習や技術発展には反対しませんが
企業単位で無断で学習された物を使う
あるいはそのような物を使うユーザーに依頼し、報酬を与えると
あらゆるものの商業面での成長が阻害されるので
規制が欲しい
185001345000001999|１、はじめに
昨今のＳＮＳを見てみると多くのイラストレーターがＡＩ学習によって構図の模倣被
害に悩まされている。いわゆる「トレパク被害」である。一方でＡＩの出力する絵柄には
作風や雰囲気に素人目でもわかる共通点があり、もともとそれと似た画風をしていたイラ
ストレーターが自分の作品をＡＩ出力作品と疑われる事例も出てきている。
近年の AI の発達は目覚ましく相当の専門家でもない限り AI の次の行動を予測すること
は難しい。この状態を西垣通氏、川島茂雄氏共著の『AI 倫理
るのか』
（中公新書ラクレ
人工知能は「責任」をとれ
2019 年９/10 初版）の言葉を借りて「ＡＩのもつ疑似不可知性」
と呼ぶこととする。「疑似不可知性」を持つようになったＡＩの責任の所在について、個人
的な視点ではあるが検討していきたいと考えている。
２、検討の前提として
（１）従来の著作権法の考え方との整合性について
これからの AI に対する著作権法の考え方と従来の著作権法の考え方との整合性について
はおおむね取れていると考えている。しかし判例として判決を出す場合に関してユーザー
は AI の「疑似不可知性」により著作権侵害をしてしまったのかそれとも意図的なものだっ
たかについては慎重に検討し責任の所在を明らかにすることの必要性を感じている。
（２）AI と著作権の関係に関する従来の整理
法規制が足りていないと感じる場面もある。生成 AI が出力する文章だけでなく画像や映
像に関しても規制を加えていくべきだと考える。しかし規制を加えるのは AI に関する知識
が比較的乏しいユーザーおよび加害者側ではなく AI の行動を予測できる制作者側であると
考える。
３．生成 AI の技術的な背景について
（１）生成 AI について
大変すばらしい技術であり、世界中の文化の発展に寄与してほしいと考えているがそれ
によって一部の人々が不利益をこうむるのは不本意でしかない。その不利益は文化の後退
を招きかねないものであり、新たな規制が必要だと考えている。
（２）生成 AI に関する新たな技術
（３）AI 開発事業者・AI サービス提供者による技術的な措置について
４．関係者からの様々な懸念の声について
５．各論点について
（１）学習・開発段階
（２）生成・利用段階
（３）生成物の著作物性について
まず私は AI が作成した作品については何者も著作権およびそれに付随する権利を一切持
たないと考えている。次に AI 生成物が他人の著作権等を侵害している場合である。AI 生
成物の依拠性、類似性を判断するのは大変困難であるため製作者側が AI プログラム作成時
に少ないデータに依拠したものの出力を禁止させる等の対策が必要であると考えている。
（４）その他の論点について
自身の作品に明らかに依拠した作品が出力された場合クリエイターは著作者人格権を主
張することが可能であると考える。
６．最後に
まず募集要項や素案は大変難解であり、読み切るのに苦労した。素案は読み切っても正
しく読み取れているかどうかわからず、意見は貴庁が求めている内容と合致しているか不
安である。今回のような案件であれば専門家だけではなく、実際に被害を受けたクリエイ
ターからの意見が貴重だと考える。そのためもう少し緩く大衆に迎合してでも意見を募る
べきではないかと考える。
私の文章は大変稚拙であると認識している。しかし、これから多くのクリエイターが AI
をうまく利用して文化の発展に寄与してほしいと考え、私の意見が未来の創作物保護のほ
んの一助になればという想いから意見を提出させていただく。"
exact_5114,exact,3,"5.各論点について(1)学習・開発段階(2)生成・利用段階
現状、イラストレーションなどのクリエイティブコンテンツを生成するための AI 学習は殆
どが無許可で行われています。無差別なデータ搾取によってこれまで自らの手でクリエイ
ティブを生み出してきた方々が多大な精神的不安を抱えるだけでなく、搾取側からの攻撃
により人命にまで影響を及ぼす可能性もないとは言いきれません。
また、AI 学習によるデータ側(クリエイター側)と搾取側(AI 使用者)の利益が不平等であり、
搾取側の悪用によってクリエイター側が更に不利益を被っているのが現状です。
日本を代表するアニメ・漫画コンテンツについても、既にこれまで海賊版 DVD や違法グッ
ズ、
「漫画村」などのコンテンツ被害が多く出ている中、AI はそれらを更に助長させるツー
ルになると考えます。
そのため、データ元に対し無許可のデータ学習を禁止する、生成物の配布・販売を禁止す
ることを望みます。
(3)生成物の著作性について
AI で作成された作品はデータ元との判別が困難であり、また学習情報の開示も信憑性など
の問題があります。
AI 生成物に対し著作性を認めてしまうと、クリエイター側の著作性や名誉を毀損する危険
性があります。
実際に、クリエイター側が意図していない作品をデータ学習で生成し、残酷な描写などを
加えたことで
クリエイターやコンテンツ消費者に不快感・精神的苦痛を与えた事例もあります。",5 . 論点 創作 物 クリエイター これ 得る くる 技術 経験 もと 完成 する せる いる もの AI 学習 創作 物 著作 権 侵害 する いる もの 積極 的 認める いく 考 疑問 AI 作品 特定 クリエイター 作品 群 類似 とどまる の 著作 権 侵害 認める こと ある 場合 疑問 ある AI 生成 物 データ 学習 前提 技術 認識 する いる AI 作品 肯定 推奨 様々 クリエイター 仕事 減少 する こと 想像 できる クリエイター 仕事 減少 クリエイター 自体 減少 つながる の 容易 想像 できる クリエイター 活動 する 者 いる なる 新た 学習 データ なくなる AI 生 成 物 展望 感じる の 今回 素案 クリエイター 活動 阻害 する 不健全 市場 導く いる よう 読み取れる 新た AI 生成 技術 思う 新た 技術 発展 する せる まえる 土壌 クリエイター 保護 育成 知識 普及 力 入れる もらう クリエ イター 側 企業 側 ファン 不安 感じる いる の 問題 考える 毎日 飛躍 的 進歩 ある 技術 早急 対応 必要 の 分かる 日本 コンテンツ 文化 発展 支援 する れる いく 考える 日常 的 さまざま イラスト 楽しむ いる 人間 応援 する いる クリエイター AI 学習 生成 物 理不尽 目 あう 納得 できる 判断 する れる よう こと いる よう 祈る いる,1.0,5|5|5,"5.各論点について(1)学習・開発段階(2)生成・利用段階
現状、イラストレーションなどのクリエイティブコンテンツを生成するための AI 学習は殆
どが無許可で行われています。無差別なデータ搾取によってこれまで自らの手でクリエイ
ティブを生み出してきた方々が多大な精神的不安を抱えるだけでなく、搾取側からの攻撃
により人命にまで影響を及ぼす可能性もないとは言いきれません。
また、AI 学習によるデータ側(クリエイター側)と搾取側(AI 使用者)の利益が不平等であり、
搾取側の悪用によってクリエイター側が更に不利益を被っているのが現状です。
日本を代表するアニメ・漫画コンテンツについても、既にこれまで海賊版 DVD や違法グッ
ズ、
「漫画村」などのコンテンツ被害が多く出ている中、AI はそれらを更に助長させるツー
ルになると考えます。
そのため、データ元に対し無許可のデータ学習を禁止する、生成物の配布・販売を禁止す
ることを望みます。
(3)生成物の著作性について
AI で作成された作品はデータ元との判別が困難であり、また学習情報の開示も信憑性など
の問題があります。
AI 生成物に対し著作性を認めてしまうと、クリエイター側の著作性や名誉を毀損する危険
性があります。
実際に、クリエイター側が意図していない作品をデータ学習で生成し、残酷な描写などを
加えたことで
クリエイターやコンテンツ消費者に不快感・精神的苦痛を与えた事例もあります。|5.各論点について
(1)学習.開発段階
AI 学習用のアセットを購入などならまだしも、ネット上のイラストを学習までは個人利用
かもしれませんが、それを出力した場合、大半の作品に放棄や期限が切れてない限り著作
権は存在すると思われるため、個人利用を超えた利用になると思われます。
また、創作物というのは、まず材料費用がかかり、さらに自分のイメージをアウトプット
するという時間がかかったものが多いということです、その時間を AI の学習に使用してく
れという希望者以外の作品は泥棒と同じだと思われます。
(2)生成・利用段階
従来の作品でも、インスパイアというものがありますし。
インスパイアは、影響を受けたということだと思うのでギリギリ。
今後といえば、販売はしないということでしょう。
AI からそのままの作品の公開、販売、自作宣言は。
AI が作ったイラストで、AI が作ったプログラムで、AI が作った◯◯、正直著作権のある
業界で解決策はあるんでしょうか？
現状、無料アセット塗れのゲームすら嫌がられるケースがあります、AI イラストはもはや
努力ではなく、バレなきゃいいのグレーゾーンだと思うので、整理するのであれば、AI イ
ラストの直接投稿は禁止レベルでしょう。
現時点で、AI にイラストを学習させることを許可したイラストレーターでもいるなら別で
すが、あまり許可する気持ちがある方はいないと思うので。
(3)生成物の著作物性について
元々著作物性のない同じ様な表現が利用されるものは、著作物性が否定されるのは変わら
ないのでは？
問題は、あまりにも作品の類似性がでて創造性を侵害された場合の方だと思うのですが。
(4)その他の論点について
学習させることを許可しない制作者が多いのに、さらに著作物を勝手に利用されて販売さ
れてるに等しい環境なわけですが、その AI 作品を本人が見つけないと訴えすら無理難題だ
と思う状況で著作物性を問いますか？原作者の権利の問題が抜けているんじゃないでしょ
うか？
世の中におじさんがたくさんいるから、勝手にたくさんの写真を無駄利用してランダムな
顔のおじさんが生成物になったとして、写真が勝手に利用されていたら気分がよくないと
思います。
6.最後に
個性や技術が必要なものを、勝手に変更するというのは、ゲームの MOD などに類似性を
感じます。
有用性のある部分は、ありふれた表現の簡略化や細かいミスの調整など、許容できる範囲
の利用は今後増える可能性はあると思います。
ただ、イラストや技術が必要なことを AI に学習させ、オリジナルとして出すのは本来の著
作権にひっかかるとしか感じられないです。|5.各論点につい
創作物は、クリエイターがこれまで得てきた技術や経験をもとに完成させているものであ
り、AI 学習による創作物を著作権を侵害していないものなら積極的に認めていくという考
えが疑問だ。
AI 作品が特定クリエイターの作品群と類似だけにとどまるのであれば、著作権侵害と認め
ないことがある場合についても疑問がある。
AI 生成物はデータ学習が前提の技術だと認識しているが、AI 作品の肯定、推奨により、様々
なクリエイターの仕事が減少することが想像できる。
クリエイターの仕事の減少は、クリエイター自体の減少につながるのだと容易に想像でき
る。クリエイターとして活動する者がいなくなれば、新たな学習データがなくなり、AI 生
成物の展望もないと感じるのだが、今回の素案ではクリエイター活動を阻害し、不健全な
市場に導いているように読み取れる。
新たな AI 生成技術は素晴らしいと思うが、新たな技術を発展させるまえに、その土壌とな
るクリエイター保護や育成や、正しい知識の普及にもっと力を入れてもらいたい。クリエ
イター側や企業側、ファンに不安をずっと感じているのも問題だと考える。
毎日飛躍的な進歩がある技術であるので、早急な対応が必要なのだとは分かるが、日本の
コンテンツや文化の発展はもっと支援されていくべきだと考える。
日常的にさまざまなイラストなどを楽しんでいる人間として、応援しているクリエイター
が AI 学習による生成物から理不尽な目にあい、納得できない判断をされるようなことがな
いように祈っている。"
exact_6442,exact,2,"無断データで、データ元と競合する生成 AI 開発するのは不当な権利の侵害行為に該当し
ます。",無断 データ データ 元 競合 する 生成 AI 開発 する の 不当 権利 侵害 行為 該当 する,1.0,185001345000000535|185001345000000938,"無断データで、データ元と競合する生成 AI 開発するのは不当な権利の侵害行為に該当し
ます。|無断データで、データ元と競合する生成 AI 開発するのは不当な権利の侵害行為に該当す
る"
